PDB,RES,SIM,SIMRES
6MQA,3.199,6OBH,2.96
6DF1,2.3,6DF0,2.3
6DF0,2.3,5BK1,2.15
6MEE,1.36,6UCF,1.29
6G5Y,1.49,4H9H,1.2
5ZXW,1.316,6B00,0.9
6MY4,1.69,5TDO,1.61
6NGX,1.773,6AUR,1.75
6HWE,2.3,4R17,2.1
6H39,2.5,4Y77,2.5
6HTC,2.8,5D0W,2.8
6FWW,1.131,4LQT,1.1
6HVV,2.7,6HV3,2.7
6HV3,2.7,6HVR,2.7
6HVR,2.7,3NZJ,2.4
6I6E,1.2,6I69,1.2
6HJZ,2.5,6HZ1,2.5
6HZ1,2.5,6HZW,2.22
6CAE,2.6,6ND5,2.6
6ND5,2.6,1VY5,2.55
6Q4I,1.11,6Q4K,1.06
6Q4K,1.06,6Q4G,0.98
6CFL,2.6,5DOY,2.6
6CFK,2.7,4W2G,2.55
6N9F,3.7,1XNQ,3.05
6GSJ,2.96,6UO1,2.95
6FJT,1.27,3SI4,1.27
6D8X,1.9,6D94,1.9
6D94,1.9,5Y2T,1.7
6GH7,1.08,1LUQ,0.96
6C0L,1.95,6CGF,1.94
6CGF,1.94,2ZD1,1.8
6AJZ,1.847,6IN1,1.5
6IN1,1.5,6AJV,1.45
6AJV,1.45,6AJW,1.401
6AJW,1.401,6E4A,1.26
6E4A,1.26,5DW2,1.12
6M95,1.8,6SO4,1.51
6ND6,2.85,1VY5,2.55
6EB2,2.493,4CJ4,1.8
6EEK,2.2,5EKK,2.1
6I5D,1.75,4S2P,1.7
6CWV,1.98,3A5J,1.7
5QEC,1.673,5QG3,1.654
5QG3,1.654,5QEF,1.605
5QEF,1.605,5QFK,1.594
5QFK,1.594,5QGF,1.513
5QGF,1.513,2CM2,1.5
6GGE,1.25,6GGC,1.24
6GGC,1.24,6SHZ,1.24
6N80,1.96,5C90,1.75
6I7V,2.9,6TC3,2.7
6FK1,1.299,3K0M,1.25
6GJL,1.16,5F66,1.15
5QK2,1.65,5QK4,1.62
5QK4,1.62,5QJS,1.58
5QJS,1.58,5QK6,1.51
5QK6,1.51,5QJP,1.5
5QJP,1.5,5QJC,1.47
5QJC,1.47,5QK0,1.44
6DYC,1.33,6DYF,1.1
5ZWJ,2.9,3GOP,2.8
6I7R,1.949,4AJY,1.73
6C89,1.75,4EXY,1.47
6Q2Y,1,5XP6,0.95
5ZGY,0.95,5ZGZ,0.95
5ZGZ,0.95,5ZGW,0.95
5ZGW,0.95,5ZGX,0.95
6GHX,1.156,4N4E,1.13
6D2P,2.6,5W0D,1.899
6NB1,1.9,2FZS,1.9
6G7L,1.9,6G7J,1.9
6G7J,1.9,6G7I,1.9
6G7I,1.9,1M0K,1.43
5ZIL,1.29,5ZIN,1.27
5ZIN,1.27,5ZIM,1.25
6NB8,1.5,5E2W,1.5
6I0O,2.623,6I0M,2.567
6GR1,2.05,1YC4,1.81
6GPW,1.6,6GPF,1.55
6GPF,1.55,6GQS,1.43
6GQS,1.43,6GR5,1.34
6FRZ,1.65,6FFW,1.495
6FFW,1.495,1JGM,1.3
6MTN,2.5,6MTJ,2.336
6HSC,1.9,1N5U,1.9
6GX0,1.25,5M7D,1.2
6I5N,1.98,6GFX,1.83
6GFX,1.83,6HR2,1.76
6G9Q,1.89,5M02,1.75
6CXY,2.2,3MBX,1.6
6HVE,1.9,3U4W,1.9
6CXK,1.108,6CW7,1.03
6CW7,1.03,4PSY,0.85
5ZAJ,1.65,3OX7,1.58
6HHQ,3.1,4V88,3
6HVO,2.1,5E0V,2.074
6NAH,2.7,6NAQ,2.022
6G1V,1.82,6G1U,1.79
6C1M,2.518,6MWA,2.4
6MWA,2.4,6MWD,2.327
6J2B,1.44,6J25,1.2
6J25,1.2,1YM1,1.12
6CYB,1.62,6CYC,1.54
6CYC,1.54,6EZF,1.5
6ITM,2.5,3BEJ,1.9
6FYU,2.643,4N62,2.503
6GD7,1.55,5LFT,1.249
6GD6,1.2,4N0K,1.05
6MXO,2.04,6MQ8,1.969
6MQ8,1.969,4O3N,1.579
6H3H,1.92,2ZPK,1.8
6G6X,1.13,3IQU,1.05
6HSZ,2.374,6HSH,1.545
6C1C,2.15,6C1B,2
6C1B,2,4WUN,1.65
6N3X,1.1,5WAA,1.098
6CIT,2.027,3GJ0,1.48
5ZCQ,1.65,5B1B,1.6
5Z85,1.85,5Z86,1.85
5Z86,1.85,5ZCQ,1.65
5ZCP,1.65,5B1B,1.6
5ZCO,1.9,1V54,1.8
6FVM,1.631,4MJR,1.62
6CEK,1.8,5SXX,1.7
6HVQ,1.9,6HX2,1.597
6C1J,1.063,6C1X,1.05
5Z84,1.85,5XDQ,1.77
5Z2U,2.35,5EJ6,2.243
6FJM,2.1,4O4H,2.1
6DPQ,2.94,6CXV,2.6
6CXV,2.6,5WMU,2.4
6E44,1.903,6E43,1.705
6ADB,2.692,1OTS,2.51
6E4F,1.15,6HRP,1.12
6HRP,1.12,5P9J,1.08
6FW0,1.6,1S3E,1.6
6DP1,1.42,6DOP,1.25
6E5B,2.77,5LF1,2
6DHO,2.07,5V2C,1.9
6DHP,2.04,4UB8,1.95
5ZZN,2.1,5V2C,1.9
6IVJ,2.77,6IVO,2.45
6IVO,2.45,4WD8,2.3
6MG7,2.91,3U7Y,2.448
6H28,1.19,5NJ2,1.19
6CNE,1.2,6C9O,1.2
6C9O,1.2,2QMT,1.05
6HKR,1.5,3D97,1.5
6CVK,2.38,5E0I,1.95
6EG8,2.8,6CRK,2
6CRK,2,5KDO,1.9
6MPL,1.55,4RWC,1.05
6N61,3.253,1BDF,2.5
6IEB,2.409,6Q0E,2.15
6HMR,1.782,4TWC,1.7
6G0I,2,3EGG,1.85
6N60,3.68,6OUL,3.4
6HO2,1.9,6HOB,1.8
6HOB,1.8,6HO4,1.6
6HO4,1.6,6HOA,1.5
6HOA,1.5,5NIM,1.5
5ZML,1.8,5ZK9,1.76
5ZK9,1.76,4TPW,1.5
6Q93,2.2,2AFH,2.1
6N4M,1.58,6N4L,1.13
5ZMW,2.5,3W5D,2.45
6N4E,1.65,5YX1,1.39
6A50,1.8,4MZX,1.558
6CKZ,1.5,6CL0,1.5
6CL0,1.5,2DKO,1.06
6I1S,1.52,2PPN,0.92
6MB1,1.5,5G1Z,1.5
6G5L,1.21,5MSA,1.2
6IMD,1.499,1Y2B,1.4
6AEZ,1.63,1EQT,1.6
6Q92,1.5,4GSV,1.48
5ZHX,3.5,2GCN,1.85
6MMD,1.228,1NWZ,0.82
6NDF,3.05,4BJ3,3.042
6NDH,2.9,6ND8,2.9
6ND8,2.9,6ND9,2.9
6ND9,2.9,1AOX,2.1
6ION,2.75,2OZ4,2.7
6MA8,1.83,5VCC,1.7
6FUH,1.37,5NAW,1.25
6N3P,2.5,4IHF,2.1
6FMD,1.58,5H2Z,1.58
6HZY,1.7,4JL1,1.68
6I4S,1.75,6I4Q,1.75
6I4Q,1.75,6I4R,1.439
6GSL,3.16,2NXN,2.4
6IGD,2.5,5Y9E,2.042
6C7M,1.45,5D38,1.427
6HAW,3.45,1SQP,2.7
6MYZ,1.661,6N19,1.501
6N19,1.501,6N0N,1.477
6N0N,1.477,6N0D,1.453
6AKH,1.75,6AK5,1.7
6AK5,1.7,6IPD,1.7
6IPD,1.7,6IPL,1.64
6IPL,1.64,4LZG,1.599
6AC9,2.07,6BP0,1.9
6NDE,3.5,6NDG,3.15
6NDG,3.15,6ND9,2.9
6DBC,1.05,6DDJ,1.05
6DDJ,1.05,5IG6,0.91
6DZ4,1.45,4HT3,1.3
6CMP,1.8,5EHR,1.7
6E9W,2.96,2ETK,2.96
6DEV,2.348,2WDP,1.95
6CSP,1.237,5WGI,1.05
6FKA,2.7,3OAX,2.6
6NFV,2.13,1K4C,2
5ZA0,2,1DC6,2
6MIV,2.05,6CXE,2.05
6CXE,2.05,6MJ4,2
6MJ4,2,6MJJ,1.93
6I2R,2.2,6R29,1.67
6HAO,2.4,6H88,1.5
6H88,1.5,6H9Q,1.5
6H9Q,1.5,6HA2,1.5
6HA2,1.5,6H8G,1.35
6IG1,1.97,5YV2,1.9
6Q2W,1.99,3L0L,1.74
6DB4,1.662,6DUD,1.66
6DUD,1.66,5LWM,1.55
6DWF,1.94,4ZOT,1.4
6I0L,1.4,6I0J,1.35
6MOO,2.2,6MOD,1.85
6MOD,1.85,6DUI,1.55
6DUI,1.55,6CAX,1.25
6C3L,1.461,1R29,1.3
6ECH,2.19,6NN4,2.15
6Q6Y,2.03,2WXL,1.99
6HI2,1.9,5NCY,1.9
6D55,1.68,6D56,1.68
6D1Z,1.87,5JFW,1.52
6MPD,1.79,6MO3,1.79
6MO3,1.79,6MLS,1.77
6FQS,3.11,6FQM,3.06
6FQM,3.06,5IWI,1.98
6I9I,1.98,6F8P,1.6
6E2M,2.253,4BF2,2.11
6MYJ,1.33,6MYI,1.15
6MUB,2.503,6MSY,1.999
6MSY,1.999,3OAU,1.9
6A38,2.69,6A3A,2.3
6A3A,2.3,5DIF,2.092
6EE6,1.5,6EA2,1.35
6CSD,2.391,4WNU,2.26
6DQY,2.3,5TIR,1.62
6DDQ,2.31,6DE1,2.151
6DE1,2.151,6DE2,2.1
6DE2,2.1,5K7Y,1.79
6FYD,1.76,4XLO,1.67
6I4F,1.5,6I4H,1.4
6I4H,1.4,6I4E,1.22
6CCE,3.05,5TW1,2.76
6AAO,1.403,4CS4,1.349
6GQQ,1.52,3VO3,1.52
6HNQ,2.4,6H4F,2.18
6H4F,2.18,6H1J,1.86
6H1J,1.86,6H21,1.8
6DVC,3.3,6JCY,3.106
5ZX2,2.8,5ZX3,2.751
6C7P,2.6,6C7K,2.5
6C7K,2.5,2BIW,2.39
6CL2,2.35,4ZVR,2.3
6FV9,2.48,5G2B,1.83
6H6I,1.6,4O1T,1.6
6C9L,2.3,1N6J,2.2
6HZB,1.9,6HZC,1.9
6HZC,1.9,6HZD,1.9
6HZD,1.9,6EQV,1.895
6FG0,1.74,5O9F,1.64
6FFB,1.65,5O7C,1.6
6HKP,1.9,6HC8,1.9
6HC8,1.9,6H9J,1.83
5Z4V,1.65,5Z05,1.49
6CWW,1.851,3TF0,1.743
6I5F,2.6,1WBD,2.4
6DYW,1.45,4OY3,1.2
6FPW,1.35,5JRD,1.2
6MX5,2.35,3TFF,1.94
6IQ4,2.25,6IPU,1.99
6HJ2,NONE,,
6DFX,2.03,5UJT,1.94
6G3Z,2.35,6GV2,2.101
6GV2,2.101,1W3T,2.1
6I93,2.101,6I90,1.803
6I90,1.803,6F6C,1.766
6I94,1.703,6I95,1.646
6I95,1.646,6F6E,1.627
6ACR,2.01,6T8N,1.77
6N4D,1.8,4K1I,1.8
6DDI,1.5,5HEL,1.45
6A1R,1.652,5ZZT,1.35
5ZZT,1.35,5ZZQ,1.32
5ZZQ,1.32,5ZZR,1.31
6C9H,2.65,5ISO,2.63
6A7A,2.37,4JQA,1.45
6GLP,1.5,6GLG,1.313
6GLG,1.313,6GLJ,1.301
6GLJ,1.301,6GLH,1.201
6HG5,1.6,6HGB,1.5
6N93,1.7,6N92,1.7
6N92,1.7,6N96,1.7
6MNC,2.4,6CGE,2.2
6CGE,2.2,6DTP,2
6DTP,2,6MNE,1.86
6MNE,1.86,3DEY,1.7
6CGV,3.8,3IZO,3.6
6FRY,1.7,6AUC,1.46
6NAC,1.55,6N59,1.02
6MYP,2.1,6MYU,1.97
6MYU,1.97,2H88,1.74
6I1E,1.64,6HZR,1.19
6HZR,1.19,6HR4,1.19
6CFN,2.5,3G6T,1.9
6IHX,1.46,6II1,1.34
6FX1,2.1,6FX3,1.7
6FX3,1.7,6FX2,1.7
6FX2,1.7,6EKE,1.7
6NHH,3,5KKZ,2.97
6GON,1.65,6GNR,1.4
6A2L,2.38,3QG2,2.3
6N1T,3.5,6AOI,2.97
5QHA,1.57,5QHB,1.57
5QHB,1.57,5QH0,1.57
5QH0,1.57,5QGS,1.55
5QGS,1.55,5QHH,1.52
6A5Q,2,5N10,1.6
6MP4,2.502,2F73,2.5
6A1X,1.99,5XRJ,1.9
6H2P,1.479,5MC1,1.43
6DWQ,1.27,1R0R,1.1
5ZSJ,2.4,5ZSF,2.1
5ZSF,2.1,6IF5,2
6N1Y,2.15,5U90,1.9
6EF4,3.4,2IE4,2.6
6II4,3.3,6FY3,2.6
6FY3,2.6,6MG4,1.75
6MG4,1.75,6E65,1.5
6DKA,2.901,6DK9,2.6
6FZ9,1.246,4FKB,1.22
6AC1,1.77,3AN1,1.73
6IJ5,1.72,5XJH,1.54
6IJ3,1.4,6EQE,0.92
5Z2Q,2.74,6L9F,2.555
6GEI,1.65,6HIK,1.65
6N8U,1.96,1DUG,1.8
6C56,2.8,6R4V,2.202
6FWB,1.79,2P02,1.21
6E49,2.9,1SXJ,2.85
5ZT1,3.114,5YBI,2.268
6N6L,2.15,6N74,1.852
6N74,1.852,5SYR,1.8
6GHR,2.249,3ZCX,2.19
6GFR,1.919,6GFQ,1.4
6GFQ,1.4,6GG7,1.32
6GJK,1.47,5G1A,1.42
6HRZ,1.57,6HS0,1.45
5ZB0,1.19,5X86,1.19
6IVV,1.26,6JGU,1.02
6HMH,1.03,5M17,1.03
6IE8,2,3VVY,1.63
6FT9,1.87,1Z57,1.7
6E3B,2.5,6BYF,2.35
6HG1,2.12,6HG2,1.83
6HG2,1.83,4C6B,1.656
6HFP,1.198,6HFQ,1.145
6IN3,2.3,6TEN,2.21
5ZDR,2.59,3W54,2.3
6E7X,2.58,6E7T,2.31
6E7T,2.31,6E7U,2.27
6E7U,2.27,6E7R,2.1
6E7R,2.1,3QEK,2.001
5ZH2,2.66,6AGT,1.953
6AGT,1.953,6HCU,1.62
6IU9,3,6IU5,2.25
6MOF,2.894,6MOI,2.065
6MOI,2.065,1EER,1.9
6I43,1.88,6I7C,1.88
6I7C,1.88,6I8Q,1.74
6I8Q,1.74,6I8O,1.7
6G69,2.2,6G68,1.95
5ZHR,1.45,6AP8,1.27
6GR2,2.49,6Q91,2.4
6Q91,2.4,6Q90,2.4
6Q90,2.4,6Q8Z,2.4
6Q8Z,2.4,6QJE,2.4
5ZTD,1.05,6IFP,1
6IYW,1.6,6IYV,1.5
6IYV,1.5,3VYP,1.4
6CQP,1.446,6N9B,1.219
6FKZ,3.3,6FLG,2.5
6FLG,2.5,6EO0,2.4
6DXG,1.905,6MX3,1.362
6E9U,2.295,5IHU,2.06
6E9H,2,5ILT,2
6HWS,1.75,6TYM,1.422
6J0J,3.1,5HAC,2.95
6IIA,2.91,3W9I,2.71
6GVV,2.35,6GVY,2.2
6GVY,2.2,4WYW,1.8
6C4C,2.2,6C4A,1.8
6C4A,1.8,1F8M,1.8
6CBD,2.203,4Z4D,1.6
6GYJ,1.75,4E5O,1.7
6DZ3,1.91,6DZ0,1.62
6DZ0,1.62,5TC6,1.48
6MFG,2,5KSA,2
6E7W,2.67,3QEL,2.6
6DGE,1.91,3I4A,1.898
6MRJ,2.8,2WVE,2.3
6MXD,2.96,6AR9,2.28
6MXB,2.192,6MXC,1.993
6A4I,2.65,5TI9,2.5
6G9B,2.26,6HS4,2.05
6HGE,2.8,3DLW,2.7
6HGJ,1.825,5OM7,1.727
6HGN,1.478,6HGM,1.369
6ITO,2.55,5WSB,2.25
5ZKY,2.1,5ZKW,1.86
5ZKW,1.86,5ZL5,1.65
6ED6,2.86,6P5M,2.65
6HSN,1.55,6FGD,1.5
6FGD,1.5,6FGC,1.5
6I39,1.05,6I3B,1
5ZUP,2.9,3IRQ,2.8
6HX7,1.8,6OIA,1.777
6HN0,2.12,5OSW,1.78
6FJG,1.73,5NSL,1.7
6N54,2.424,1XRJ,2
6DG2,1.96,4CMH,1.53
6CWA,1.77,2G76,1.7
6CA1,1.95,6C9X,1.457
6H77,2.1,3H8V,2
6DHG,2.5,5WS6,2.35
5ZQD,1.888,5ZQC,1.702
5ZQC,1.702,5ZQA,1.55
6M91,2.4,6M92,2.35
6M92,2.35,6M90,2.05
6I55,1.98,6I4B,1.98
6I4B,1.98,4CQ8,1.98
6FVS,3.2,6FL9,2.3
6MGS,3.131,6MGT,2.77
6MGT,2.77,4ERA,2.398
6ISH,3.3,6IS7,2.8
6IS7,2.8,6ISF,2.8
6ISF,2.8,5OMQ,2.199
6HMD,1,6HMQ,0.97
6D61,1.74,4L2N,1.74
6CE0,4.602,6MCO,3.526
6MCO,3.526,4TVP,3.1
6H5J,1.4,6H5G,1.04
6H5G,1.04,4CNN,1
6MXG,2.392,5JSQ,1.503
6FTD,1.4,5NFX,1.34
6HLM,1.8,6Q9C,1.78
6DMQ,1.7,6DMM,1.67
6DMM,1.67,1ZMM,1.6
6I9L,1.53,6I9N,1.361
6I9N,1.361,6F4O,1.28
6N6B,2.3,2AEP,2.1
5ZBC,2.2,5ZBD,1.8
5ZBD,1.8,5G3T,1.8
6D4T,1.54,6D4R,1.34
6DAF,2.4,6U3D,1.75
6DAD,1.65,6U3A,1.65
6GBP,3.49,6GBO,2.1
6GJV,2.11,5AHN,1.652
6FNY,2.79,6G60,1.84
6FL0,2.9,6FMH,2.8
6HGX,2.16,6HGV,2
6HGV,2,6I5G,2
6I5G,2,4X6X,1.8
6MNV,1.65,6NNS,1.45
6I7P,3.975,5TFR,3.05
6HLA,1.9,6HLM,1.8
6H2F,2.55,6GRK,2.33
6AK4,2.8,6AEJ,2.8
6AEJ,2.8,4IDZ,2.46
6I7L,2.32,6I7H,2.25
6MAQ,1.31,6MAP,1.08
6HH1,2.25,3G0E,1.6
6N4A,2.3,6NTB,1.9
6HSM,2,6HSD,1.6
6AFX,2.301,6AFS,2.299
6AFS,2.299,6AFW,2.185
6G7T,1.65,6QMG,1.65
6CY9,2.615,6CYA,2.6
6CYA,2.6,4G0A,2.099
6CJN,2.4,6CJO,2.4
6CJO,2.4,1EYQ,1.85
6MD6,1.68,3WLQ,1.65
6GEW,2.1,5N0V,1.91
6DEC,4.6,2P9S,2.68
6ILH,2.501,3BJU,2.31
6FIQ,1.79,6FEX,1.291
6Q9W,1.55,6Q9Y,1.2
6E56,2,5UMN,1.97
6MSU,3.11,4G1E,3
6FNJ,1.239,6FNM,1.157
6FNM,1.157,6FNK,1.049
6GI3,1.38,6GI4,1.35
6C1A,2.05,6C1T,1.84
6C9R,2.1,2PKN,1.9
6H9Z,1.51,6H9W,1.35
6H9W,1.35,6H9Y,1.31
6HC3,3.1,3TMM,2.5
6IZZ,1.97,4HHJ,1.79
6IVX,2.35,5X8Q,2.2
6AB9,1.75,5B2N,1.581
6FRA,1.73,6FUQ,1.6
6FUQ,1.6,6FRC,1.59
6FRC,1.59,6FUN,1.58
6GE5,2.05,6GEI,1.65
6G5K,2,1Z0H,2
6QA2,2.2,4ANE,1.9
6CIQ,3.302,6CIO,3.003
6CIO,3.003,6CIN,2.6
6I83,1.88,6NEC,1.87
6NEC,1.87,4CKJ,1.65
6IGA,2.776,6IEM,2.2
6IEM,2.2,6IG5,2.078
6M7G,2.657,5JTF,2.156
6HON,2.2,5LSW,2.15
6COH,2.367,6COB,1.82
6COB,1.82,6COD,1.8
6COD,1.8,6COF,1.52
6A4K,3.15,6JP7,1.909
6QCI,2.3,4MTZ,2.1
6MTW,1.999,4X90,1.84
6ADO,2.502,5CX2,2.21
6ND3,2.364,5FAU,1.9
6CQM,3,6CQO,2.8
6CQO,2.8,6CQK,2.8
6CVP,1.999,4NDI,1.9
6FXJ,1.79,5LOQ,1.69
5QI5,1.05,5QHU,1.05
5QHU,1.05,5QHT,1.05
5QHT,1.05,5QI9,1.05
5QI9,1.05,5QI0,1.05
5QI0,1.05,5QI3,1.05
5QI3,1.05,5QHV,1.05
5QHV,1.05,5QI1,1.05
5QI1,1.05,5QI7,1.05
6C39,1.69,6C3K,1.6
6C3K,1.6,5TXI,1.6
6CBA,1.13,5LUN,1.08
6QAK,2.5,6QAP,2.3
6DBK,2,3LXP,1.65
5ZEN,2.75,5GWI,2.737
6G3O,2.27,4LXZ,1.85
6A8P,2.537,3S3S,2.301
6QCX,3.08,6QCW,2.88
6QCW,2.88,4WRT,2.7
6M82,1.397,6M83,1.369
6M83,1.369,3PFG,1.349
6CE8,1.55,5B8D,1.05
6MRI,2.62,6MRH,2.02
6MRH,2.02,6MR6,2.019
6MR6,2.019,1JF9,2
6DCO,2.198,5VAY,1.804
6MLC,1.8,6VO5,1.6
6EA8,2.6,6EA9,2.1
6EA9,2.1,6EA6,1.703
6IW1,3.1,6EPK,2.7
5Z7N,1.7,1EDQ,1.55
6ILC,2.2,6K7T,1.6
6G7M,1.71,6GAM,1.4
6GFF,3.1,4KV5,3
6G5G,2,1G9B,2
6D4C,1.45,6D4B,1.45
6FI8,2.598,2VIC,2.35
6M7W,1.98,2R25,1.7
6CNI,1.7,3MXO,1.7
6ICM,2.961,6ICP,2.2
6ICP,2.2,6ICO,1.85
6ICO,1.85,6ICN,1.65
6IBL,2.7,6H7L,2.7
6H7L,2.7,6H7N,2.5
6IM1,2,6IM3,2
6I3U,2.09,4UWH,1.93
6IZ5,3.701,6IZ4,3.098
6CO2,2.49,3MGM,1.801
6N0Y,2.2,6N0Z,1.95
6N0Z,1.95,6N0X,1.44
6D63,2.3,6BJT,1.8
6Q9R,2.73,1D0N,2.5
6CI9,1.9,6CI8,1.7
6IZQ,2.449,3B3G,2.4
6C61,2.43,6BGA,2.307
6HK6,2.35,6FDM,2.1
6NHA,2.381,6C98,1.85
6I4K,1.83,6I4J,1.5
6I4J,1.5,4CBU,1.3
6QBY,2.09,6J4P,1.599
6I8D,3.2,6RKY,2.79
6D89,2,6D41,1.9
6D41,1.9,6D6W,1.8
5QIE,1.34,5QIH,1.33
5QIH,1.33,5QIF,1.2
5QIF,1.2,6GMC,1.2
5QHL,1.68,5LZK,1.575
6IQZ,1.46,6IQX,1.432
5ZOG,2.299,5KSE,2.105
5ZOE,1.95,5ZOD,1.9
6Q69,2.747,6Q67,2.249
6Q67,2.249,5LZ1,2
6FR5,1.37,6EH5,1.29
6A28,2.193,6BDU,2
6HG4,3.32,6HGO,2.1
5ZKJ,2.798,5ZKI,2.321
5ZKI,2.321,5T40,1.81
6G6L,2.2,1NKP,1.8
6MYS,2.37,1YQ4,2.33
6MYO,2.2,1YQ3,2.2
6MYQ,1.97,6MYU,1.97
6QBH,1.85,6QCB,1.55
6EB4,2.1,6EBC,1.87
6GB1,2.73,5E94,2
6QBG,1.8,6QCB,1.55
6DWM,2.85,4I8V,2.6
6IXU,1.8,6IXL,1.75
5ZN7,2.1,5ZN6,1.8
6IKT,1.9,6IKY,1.9
6H0F,3.25,5FQD,2.45
5ZXM,1.938,4PRX,1.8
6DNQ,2.35,5SVH,2.05
6DFZ,2.4,6PX2,2.4
6MB7,2.2,6MB5,2.2
6MB5,2.2,6MB8,1.6
6I5Q,3.05,6I5Z,3
6I5Z,3,6I6N,1.5
6I6N,1.5,6I6K,1.49
6I6K,1.49,6I6L,1.29
6I6L,1.29,6I6M,1.2
5ZO6,1.7,5GW9,1.65
6FGW,2.725,6FGV,2.5
6FGV,2.5,6FGG,1.1
6CQ6,3.1,6CQ9,2.8
6CQ9,2.8,6V37,2.8
6INZ,2.289,5XS8,1.952
5Z53,1.86,6A92,1.58
6H3G,2.6,6H3O,2.5
6IH6,2.491,6IH8,2.25
6IH8,2.25,6IH2,2.048
6IH2,2.048,6IH3,1.942
6FMU,1.8,6FTC,1.8
6FTC,1.8,6FMZ,1.8
6C9W,3,2CFQ,2.95
6INV,3.3,6INO,3.054
6INO,3.054,6INU,2.65
6D36,1.7,6D3A,1.6
6D3A,1.6,5ZQY,1.577
5QIO,1.46,5QIV,1.39
5QIV,1.39,5QIX,1.39
6D8B,2.95,6D7C,2.95
6AI1,3.5,3A5I,2.8
6AI0,2.4,6CH1,1.9
5ZF0,4.2,1JB0,2.5
6E4U,3.27,6C9G,2.7
6C9G,2.7,6C9H,2.65
6CWC,1.9,6CWR,1.24
6CWR,1.24,6CWM,1.15
6DF5,1.819,6DFB,1.66
6HB9,1.3,6HYN,1.14
6DJZ,3.084,5HK1,2.505
6C6Q,2,6E48,1.801
6E48,1.801,5FFL,1.602
6E3T,3,4ZP4,2.355
6GJH,2.1,3Q9P,2
6D9I,1.15,5V92,1.11
6GDY,2.04,3K2O,1.75
6CLU,1.95,4HB7,1.95
6CCZ,2.14,6CD0,1.74
6A0U,1.93,6A0R,1.83
6A0R,1.83,2EJW,1.7
6A3I,2.41,6A3G,1.9
6A3G,1.9,6A3F,1.8
6I3D,1.45,6I3C,1.336
6I3C,1.336,3BWY,1.3
6A98,1.82,6A9F,1.7
6FON,3.05,6FP6,3
6MT9,2.5,6CGM,2
6HC2,4.31,4G2V,2.4
6HHV,2.18,6HHX,2.1
6HHX,2.1,1L0W,2.01
6DBY,2,6DBZ,1.9
6DBZ,1.9,5WWD,1.386
5ZGA,1.793,5ZG4,1.746
5ZG4,1.746,5ZG5,1.597
6QBM,2.5,6QBR,2.15
6IOT,2.7,6IOS,2.35
6IOS,2.35,6IOQ,2.143
6IOQ,2.143,6IOU,2.1
5ZUN,1.35,3PE6,1.35
6MKG,2.94,6C84,2.511
6C84,2.511,5E31,2.3
6EFH,2.99,6EFG,2.04
6EFG,2.04,2VK4,1.95
6MFE,1.444,5BYK,1.28
6HH3,1.82,6G1P,1.55
6I0R,2.1,5LQS,1.9
6MRX,2,6MRV,1.8
6IS2,1.591,6IS1,1.59
6IS1,1.59,6IS3,1.549
5ZHN,2.65,6JOE,2.21
6H2J,2.6,4XJX,2.4
6HNL,2.2,6HNM,2
6ECP,2.2,1DIG,2.2
6DTE,1.929,4GNV,1.5
6FXL,1.96,3K7P,1.4
6GBH,2.59,2GK2,2.2
6E2P,2.83,6E2Q,2.65
6G6W,2.72,5DXU,2.64
6MN5,2.58,6MN3,2.4
6CQL,2.4,6CPH,1.7
6D9D,2.2,6D2E,2.05
6D2E,2.05,5BR7,1.95
6I7W,1.8,4ZED,1.75
6DJQ,3.1,6DEF,2.26
6GD2,1.9,6GC5,1.9
6GC5,1.9,6GD3,1.35
6HYL,1.559,6HYO,1.07
6DB6,1.978,3UJI,1.6
6CIK,3.15,5ZE1,3
5ZE1,3,5ZE0,2.75
6J26,2,5XNC,1.84
6D3H,2.03,6D3M,2.03
6EBB,2.022,1NXS,1.92
5ZQT,2.84,6JJ4,2.6
6E4T,3.4,6C9F,2.924
6C9F,2.924,6C9G,2.7
6EA5,4.75,6OZ9,3.462
6MGJ,2,6MGL,1.5
6FV1,2.3,3TLO,1.6
6I25,1.97,6I24,1.43
6I24,1.43,6I20,1.37
6I6Y,2.15,6I6O,1.9
6I6O,1.9,6I6U,1.57
6I6U,1.57,6I6S,1.46
6ITS,2.501,5XUB,2.5
6AIL,1.335,6AJP,1.334
6GCE,1.6,6GCF,1.55
6DKT,2.08,6NFP,1.7
6GDU,1.75,6GDX,1.17
6EBP,1.59,6EBO,1.58
6DEY,1.63,6NQ6,1.5
6J15,2.6,5GGS,1.997
6CKI,2.95,2HW7,2.71
6EE1,2.36,6EDW,1.8
6IK8,2.8,6IK5,1.82
6IK5,1.82,3W5F,1.65
6FRM,2.2,6FRN,1.74
6E0Y,2.257,6E0X,1.974
6A4B,2.7,6A47,1.9
6NEL,2,6NEM,1.95
6NEM,1.95,4M5R,1.4
6DEI,1.699,5V3N,1.3
5ZCL,2.661,5ZCU,2.413
5ZCU,2.413,5ZCG,2.1
6Q8I,3.17,6Q8F,1.9
6CZY,1.75,6CZX,1.57
6CUG,2.4,6CUH,2.01
6FW5,2.75,6FVJ,2.6
6FSP,2.7,5ZGO,2.6
6FHY,1.86,6FLU,1.78
6HYE,2.53,6HXG,1.9
6J0U,1.79,6L3M,1.77
6GB0,1.814,6ETD,1.723
6D33,2.502,6MSW,2.169
5ZOC,1.98,5ZNQ,1.75
6M9X,1.81,6MAS,1.3
6AFP,1.398,6AFM,1.3
6CI7,2.3,6CIB,2.05
6CKC,2.8,5FA5,2.34
6E6I,2.4,5VN5,1.9
6IJ9,3,6IJ7,2.701
6M8C,1.8,6M8B,1.8
6M8B,1.8,6M8A,1.75
6M8A,1.75,5W2I,1.6
6AC3,3.6,6ABH,3.05
6D06,2.55,1ZY7,1.7
6AJB,2.9,6AJA,2.85
6AJA,2.85,6AJ8,2.4
6G87,2.92,6G8G,2.6
6G8G,2.6,6G8H,2.4
6HB2,2.7,6HB1,2.33
5ZM2,2.5,5ZM3,2.25
5ZM3,2.25,5ZM4,1.95
6MYG,2.919,6MYH,2.9
6QB3,1.9,6QB9,1.85
6QB9,1.85,6QF9,1.43
6G10,1.35,6FUB,1.3
6FUB,1.3,6FU9,1.2
6HQB,4,4KT0,2.8
6INI,1.7,6ING,1.698
6ING,1.698,6INF,1.69
6M84,2.81,3SPG,2.613
6HDP,2.3,6HDR,2.2
6HDR,2.2,5LXC,2.15
5ZRP,1.74,5ZRG,1.3
5ZRG,1.3,5ZRC,1.1
6CKK,1.8,6CKJ,1.75
6CKJ,1.75,6CKM,1.543
6DIG,2,1UVQ,1.8
6E3L,3.8,6E3K,3.25
6E3K,3.25,3BES,2.2
6GTO,2.97,6AJM,2.604
6IGO,2.746,6IGT,2.404
6IGT,2.404,6IGW,1.979
6CDP,2.456,5TKJ,2.118
6IDG,2,5NUZ,1.85
6GVI,2.9,6GVH,2.74
6GVH,2.74,5DXT,2.25
6GSG,2.192,5OR3,1.795
6EGO,1.93,6MCD,1.5
6MCD,1.5,6EGL,1.4
6A66,1.4,6KJW,1.36
6FKR,3.2,5FDU,2.9
6D24,3.35,6D23,2.85
6D23,2.85,5AQ1,2.65
5ZXK,1.96,6ISM,1.25
6ISM,1.25,6ITA,1.2
6NFY,2.17,6NG0,2.05
6NG0,2.05,6CQE,1.886
6FPX,1.97,6FPQ,1.42
6I8N,1.79,6FUU,1.75
6FGA,2.82,5LBN,1.42
6FZT,2.46,6FZS,2.31
6GC2,2.55,1D6V,2
5Z8K,1.759,6CBO,1.6
6CBO,1.6,5Z8A,1.398
6GTI,1.5,6GBY,1.48
6GBY,1.48,5AKR,0.87
5Z7Y,1.9,5Z89,1.42
5Z89,1.42,5Z8P,1.35
5Z8P,1.35,5Z95,1.2
6M9U,2.2,6OW4,1.99
6MFM,1.9,5DD7,1.7
6FOL,2.55,6FN8,1.55
6D3G,2.398,4D2O,2.2
5ZZ6,2.2,5ZZ5,2
6FIF,2.54,4LSA,2.5
6DXT,1.95,6NFT,1.65
6C28,2.09,6C9T,2.07
6HB6,1.92,6I5Y,1.9
6I5Y,1.9,6HB5,1.88
6H9E,1.82,1CCW,1.6
6CH8,4.1,6CH7,3.8
6CH7,3.8,5UD9,1.3
6DXD,1.59,6DXB,1.549
6I3I,2.97,6I3F,2.55
6I3F,2.55,5M3Y,2.3
6EB0,2.37,6B1B,1.944
6Q6C,1.3,6Q61,1.3
6G4F,2.5,6G4B,1.8
5ZSR,2.61,5ZSP,2.57
6FIX,3.8,6F8H,2.002
6H43,2.2,6IB5,2.12
6AJM,2.604,6GTP,2.5
6GTP,2.5,6GTQ,2.49
6GZS,1.9,6FDK,1.6
6E7O,3,6JLD,2
6MUJ,2.249,2Q17,2.1
6I3P,2.75,6QIC,2.7
6A8J,2.711,6A7H,2.301
6J0X,2.31,6J0Y,1.8
6J1F,2.1,6J0P,1.79
6N12,2.23,6N0B,1.739
6HYS,2.6,6HYT,2.33
6G86,1.74,6G85,1.528
6G56,2.15,6G58,1.9
6GUD,1.7,6GUG,1.45
6MQB,2.12,6MQ9,1.86
6FYI,2.6,6FYK,2.39
6FYK,2.39,6FYL,1.95
6A05,2.2,6A04,1.9
6A04,1.9,6IYF,1.764
6DWY,3.2,6DWZ,3.2
6DWZ,3.2,6DWW,2.851
6DWW,2.851,2BW3,2
6A9X,2.202,1GNU,1.75
5ZQ8,2.18,5XJ1,1.753
6MZE,3.6,6MZG,3.208
6FJC,2.598,2Z0U,2.2
6I56,2.12,6IA5,1.88
6HJB,3,6HJA,2.7
6E3U,2.85,4ZPH,2.8
6G6J,2.25,6G6K,1.35
6H1E,1.9,6H2U,1.6
6GRO,1.45,2IZR,1.3
6DPS,2.556,6DNV,1.603
6N48,3.2,4LDO,3.2
6A8I,1.9,6A8H,1.65
6A8H,1.65,3CU9,1.06
6HJY,2.78,6HJX,2.5
6H2O,1.9,6F6T,1.9
5ZBM,2.8,5ZBN,2.32
5ZBN,2.32,1GOX,2
6A09,2.293,6A07,1.501
6A07,1.501,6A02,1.4
6G2F,1.74,6G29,1.7
6G29,1.7,6G25,1.432
6MAF,3.79,6MAG,2.07
6G9T,1.6,1RGY,1.52
6CZ5,3,6O5F,2.504
6FNE,2.501,5NLV,2.4
6G40,2.49,6G3X,2.1
6D5K,2.85,2IDX,2.5
5ZTA,3.07,5ZT9,2.8
5ZT9,2.8,5ZT8,2
6N22,2.4,4APX,1.65
5ZTZ,2.8,5ZU0,2.76
5ZU0,2.76,5ZZW,2.6
6IWM,1.98,5TVI,1.87
6IQS,2.69,5WQL,2.3
5ZU3,2.4,3Q9T,2.24
6EFK,1.5,6NSV,1.305
6IRE,3.25,3R0H,2.6
6ICV,2.15,6ICT,1.952
6GPE,2.2,6GPN,2.2
6GPN,2.2,2R6S,2.1
5Z6W,3.2,5Y7Q,2.7
5ZJ3,1.88,3BYB,1.63
6Q7V,2.56,4JVC,2.5
6A9A,1.9,1B5E,1.6
6CEU,2.005,6CC8,1.95
6CC8,1.95,6CCG,1.9
6DEK,2.971,6DEN,1.806
6IIT,2.1,6IIQ,1.85
6I0S,1.9,6I0V,1.851
6I0V,1.851,5Z4M,1.74
5Z4M,1.74,5Z4C,1.65
5Z4C,1.65,5Z4A,1.637
6FYW,2.2,6FYS,2
6DCF,3.45,5VI8,2.76
6EBT,2.3,3E04,1.95
6CH0,2.15,6CGZ,1.8
6CGZ,1.8,6CGY,1.65
6H0A,2.1,4HHO,2.1
6DRY,2.918,5TVN,2.9
6IE2,2.8,6IE3,1.97
6GKD,2.99,6GK4,2.91
6GK4,2.91,6GJS,1.95
6I8M,2.1,6I8T,2.1
5Z2J,1.87,5Z2K,1.8
5Z2K,1.8,4CL2,1.63
6DGF,2.34,2IBI,2.2
6DN6,1.59,5XN3,1.34
6FPP,1.93,5EIM,1.54
6IQR,3.42,6IQS,2.69
6NET,2.25,6NES,1.75
6ME9,3.3,6ME7,3.2
6ME7,3.2,6ME8,3.1
6ME8,3.1,6ME6,2.8
6IGI,1.33,6IGH,1.01
6IGH,1.01,6IGG,1
6AG5,2.32,4R3K,2.133
6H4H,3.5,6H4I,3.22
6H4I,3.22,6HEK,3.03
6HEK,3.03,6HEJ,2.79
6D9Q,2.056,6D9R,1.64
6IQV,2.13,6IQM,1.85
6Q3Q,2,6HPG,2
5ZB5,2.299,5YPS,2.097
6GQ8,1.9,4BV1,1.9
6IF8,2,6K2Q,2
6E9B,3.15,6E57,2.71
6NF7,2.9,1KJM,2.35
6FJH,3.15,6F7L,2.5
6CZ8,1.78,6CZ7,1.62
6MIO,1.85,6MIQ,1.75
6MIQ,1.75,3QRL,1.7
6FKO,2.1,6FM3,1.95
6FM3,1.95,6FM0,1.7
6FM0,1.7,6FLF,1.33
6HAH,1.45,6HA4,1.33
5ZQS,1.782,5ZQJ,1.73
6FPF,2.2,6FPG,1.8
6GKY,2.847,6GKV,2.35
6IVD,1.975,6IVC,1.8
6IVC,1.8,3ZBD,1.49
6G9E,2.69,6G9C,1.74
6FK3,2.3,6FJX,2.25
6H1Z,1.57,6HAQ,1.37
6A0F,2.384,6A0E,1.947
6E5U,3.8,1JN5,2.8
6HWK,2.688,6HWJ,1.979
6J0L,1.95,6J0G,1.6
6I70,2.1,6I72,1.5
6I72,1.5,6I71,1.4
6I71,1.4,6I73,1.35
6H6P,2.5,6H6O,1.7
6CZA,1.71,6CZ7,1.62
6HXR,2.9,6HXS,2.05
5ZVD,2.594,5ZVH,2.5
5ZVH,2.5,5ZVG,2.5
5ZVG,2.5,5ZVE,2.178
6GGG,1.71,6GEV,1.54
6IR5,2.6,6IS5,2.501
6AF3,2.803,6AF4,2.65
6H5F,2,5O2N,1.513
6E2S,1.791,6E2T,1.692
6NCH,2,3Q1P,1.8
6H95,1.9,6H96,1.55
6D7J,2.24,6DXU,1.9
6G26,2.49,6G1N,1.85
6DD8,2.6,6DD9,2.3
6NEG,1.95,6NEI,1.85
6NEI,1.85,6NEJ,1.6
6NEJ,1.6,6NEH,1.52
6CWZ,3.1,6CWY,2.462
6CWY,2.462,1Y8Q,2.25
6FL2,1.27,6FIY,1.09
6FSU,2.6,6QGW,1.938
6H1F,1.9,2X1P,1.1
5ZUL,3.75,5ZS6,2.812
5ZS6,2.812,5ZS3,2.001
6C3A,1.53,6C3B,1.51
6C3B,1.51,6C3C,1.5
6G1F,2.248,6DVS,1.821
6CU5,2.7,6CU3,2.5
5Z8Y,3.4,5Z8X,3.15
6D50,2.5,5UJ6,1.9
5ZQ7,2.847,5ZQ2,2.704
5ZQ2,2.704,5ZQ5,2.487
6NCX,2.25,6NCW,2.1
5ZBL,2.3,5ITS,2.3
6AA1,1.86,6A80,1.56
6FGX,2.9,6EWZ,2.24
6N5M,3.01,6N6S,3
6N6S,3,6N6R,1.95
6HPT,1.44,6HPH,1.13
6HX3,2,6HXG,1.9
6AH8,2.61,6AH7,2.38
6MU8,2.993,6MTJ,2.336
6Q7P,1.96,6Q7R,1.5
5Z6Z,2.301,5ZFZ,1.9
6C0Z,1.83,6BWS,1.65
6GRI,2.7,6GOS,2.1
6GOS,2.1,6GRH,1.85
6DFE,2.31,2GT1,1.9
6H2E,2.35,6R1J,1.92
6DBA,1.3,6U14,1.3
5ZI0,2.302,5ZFM,2
6HPB,2.28,6U0I,1.9
6GZY,2.15,4LJP,2.15
6A1Z,2.58,6A20,2.4
6A20,2.4,5ZBR,2
5ZS0,3.29,5YS2,2.698
6CYI,1.757,6D28,1.75
6IW2,2.9,6IVZ,2.4
6FEY,3.48,4CBP,1.6
6DBS,2.602,6E18,2.6
6A8R,1.6,5Z2S,1.5
6A33,2.1,1LB6,1.8
6MJF,2.198,6MJG,2.123
6GAY,1.86,4KUK,1.5
6GNX,2.9,6J08,2.9
6J08,2.9,6GNY,1.85
6MK9,1.7,4NPT,1.66
6A4A,2.7,6A4D,2.19
6FLA,2.9,6FLB,2.2
6FLB,2.2,6FLC,2
6CFR,2.07,6CFS,2.07
6CFS,2.07,2FUE,1.75
6A82,2.1,5ZZU,2.1
6E0A,2.43,6E09,2.3
6FLC,2,3V0W,1.73
6H19,1.89,6H18,1.85
6H18,1.85,6H1A,1.75
5ZKF,2.75,5ZKE,1.492
6GFI,2.3,5NX1,1.853
6DCA,2.599,6DC8,1.799
6GNJ,3.24,6GNK,2.55
6GNK,2.55,6GN8,2.34
6FP9,2.1,6FP8,1.855
6FP8,1.855,6FPB,1.617
6FPB,1.617,6FPA,1.58
6FPA,1.58,6FP7,1.576
6N50,3.751,6N4Y,3.262
6H1D,1.94,6H1E,1.9
6NAJ,3.104,4MMZ,3.102
6MBW,3.29,1Y1U,3.21
6A4W,2.587,5D18,2.04
6N6F,1.735,6N6C,1.619
6N6C,1.619,6N6E,1.578
6N6E,1.578,6N6D,1.534
6N6D,1.534,6N6A,1.5
6CN2,3.102,5E3S,3.1
6DG5,2.516,6DG6,1.999
6IFX,3.8,6IFT,1.9
6D01,3.2,6O23,2
5Z67,2.2,5Z69,2.102
6MM6,2.39,6MM8,1.85
6MM8,1.85,4ETV,1.65
6FHI,2.8,6FHH,2.7
6FHH,2.7,5M3H,2.5
6IEA,2,4KTE,1.8
6DTZ,1.36,6DI2,1.32
6DI2,1.32,6DTV,1.12
6E8F,2.99,5T4N,2.701
6IMA,2.593,6IMC,2.51
6DU5,3.006,6DU4,1.7
6HCS,2,1CDM,2
6FQA,2.85,6FJY,2.31
5ZRE,2.5,5ZRD,2.3
5ZCX,2.299,3H00,2.2
6GM6,1.61,6GM5,1.45
6E62,2.7,6E63,2.6
6E63,2.6,6E65,1.5
6MKE,2.05,6B4P,1.55
6DGD,2.823,4NL4,2.65
6G76,3,6G77,2.499
5ZEF,2.01,5ZEE,1.74
5ZIX,2.57,5ZIK,2.45
6C3I,2.95,6BU5,2.4
6HDW,2.3,6HE2,2.3
6HE2,2.3,6HDX,2.2
6HDX,2.2,6HDY,2.2
5ZI4,2.1,5ZI3,2.1
5ZI3,2.1,5ZI2,2
6A6G,2.49,6A6E,2.09
5ZED,2.199,5Z2X,1.98
5Z2X,1.98,5ZEC,1.779
6HTV,3.9,5LFC,3.2
6MYL,3.06,6MWY,2.594
6G9W,2.4,4BMA,2.08
6M7F,3.051,6EGK,1.96
6I02,2.45,6I01,2.1
6IZF,2,6IYX,1.8
6G43,2.4,6G44,1.5
6A0K,1.94,6A0J,1.6
6MDS,2.5,6MDV,2.5
6GUQ,2.385,6GQ0,1.94
6GQ0,1.94,6GT9,1.894
6HC7,2.5,6HC6,1.77
6M96,2.05,6AMX,2.05
6CBQ,2.8,3SZT,2.55
5ZNI,2.3,5ZNC,1.66
5ZNC,1.66,6AQS,1.57
6IVY,2,6IWF,1.707
6C6P,2.5,6C6N,2.3
5ZJN,2.66,5ZJB,1.699
6E2H,2.236,4RTA,2.123
6A0Z,2.329,6PD3,2.3
6NE1,3.011,6NE4,1.648
6NE4,1.648,6NE2,1.299
6I04,3.1,4O3T,2.99
6GFK,2.3,2H00,2
5ZOK,2.85,1KHU,2.5
6N4X,4,6N52,4
6D7R,2.1,5L0X,2.1
6ADD,2.301,5YGE,2.039
5ZR2,2.95,5ZKK,2
6GQA,1.9,6GQN,1.8
6D0K,3.35,6D0N,3.12
6D0N,3.12,6D0J,3
6G7D,1.35,6H40,1.053
6MNR,2.201,6MNQ,1.804
6A6T,1.901,6A6S,1.851
6IZO,1.94,5WCE,1.9
6H37,1.9,6H38,1.7
6E27,1.811,6E28,1.36
6FI1,2.7,6FHQ,1.95
6FHQ,1.95,4QF3,1.6
5ZIE,2,5ZI7,1.86
6HE3,2.16,6HDZ,2.06
6N5D,3,6N5E,3
6A79,2.31,6A77,2
6HT6,2.671,6GIC,2.304
6GIC,2.304,6GIB,2.194
6DS1,2.119,6DRR,1.599
6DWA,1.922,5D6C,1.72
6GF8,3.1,6GF7,2.7
6GF7,2.7,6GF6,2.3
6DA9,2.05,6DA7,1.83
6ML3,1.683,6ML4,1.482
6AGG,2.706,5XOB,2.48
6GYA,2.95,6GXV,2.07
6GNB,1.895,6GNA,1.295
6G20,2.16,6G1Z,2.03
6E6Y,1.6,6E6U,1.55
6G7P,1.5,6G7N,1.1
6II0,2.36,6II6,2.1
6IUR,3.33,4N6J,2.001
6MYF,1.6,6MYE,1.1
5ZW8,1.689,5ZW7,1.3
6CBT,2.1,6CBS,1.85
6CBS,1.85,6CBR,1.5
6D3L,3.1,6D3K,2.6
6GAK,1.43,6GAJ,1.35
6IG2,2.882,6IG4,2.261
6M94,2.7,6M90,2.05
6IOI,1.6,6IOG,1.55
6HTE,1.961,4QYS,1.939
6C3Y,1.542,6C3M,1.5
6N8W,3.092,6N8Y,1.554
6CF2,3,5DHV,2.3
6N5F,1.93,6N5H,1.717
6N5H,1.717,5URO,1.701
6ICF,4,6AL0,2.6
6AL0,2.6,6AKQ,1.9
6CSM,2.9,6EDQ,2.9
6AHE,2.29,4ZJU,1.2
6FS8,1.8,6FSB,1.8
6FSB,1.8,5FML,1.7
6CYR,2.2,6CYO,1.85
6CYO,1.85,2YB6,1.5
6C6Y,3.32,6C6X,1.99
6MT2,2.89,6MT1,1.84
5ZHI,2.2,5ZHJ,1.75
6GQ5,1.5,6NIV,1.45
6NIV,1.45,5I55,1.45
6ILR,1.972,6ILS,1.8
6FSH,2.5,4TVF,1.9
6HRV,1.95,6HSJ,1.46
6DO4,2.2,6DO3,2.165
6DFS,3.1,6DFQ,2.6
5Z91,3.004,5Z8S,1.973
5Z8S,1.973,5Z8U,1.9
5Z8U,1.9,1R03,1.7
6CKB,2.8,6BXB,2.39
6A35,2.65,6A34,2.3
6H5E,2.139,6GS2,2.04
6GS2,2.04,5N9M,1.85
6IMN,2.7,6IMK,2.502
6IMK,2.502,6IML,2.35
6DX8,1.7,6DXC,1.54
6IXY,2.72,5XCC,2.48
6FXX,3,6FXM,2.1
6FXM,2.1,6FXR,2.1
6Q4X,1.55,6Q4Z,1.55
5ZVA,2.3,5ZVB,2
5Z47,1.7,5Z48,1.551
6ECU,1.96,6ECV,1.798
6ECV,1.798,6ECW,1.7
6IMW,2.1,6IMV,2
6IMV,2,6IMU,2
6A53,2,6A55,1.6
6GYF,2.7,6GYE,2.3
5Z3E,1.1,5Z3F,1.1
6GRS,3.4,6GRQ,3.3
6CFY,2.4,6CFX,2
6DO1,2.901,6OS0,2.9
6DTR,2.301,6DTQ,2.15
6NCG,2.45,2V62,1.7
6FRH,2.03,6FRG,1.535
6FRG,1.535,6FRE,1.22
6D65,2.348,6D66,2.226
6IEC,3.2,5XWD,2.894
6CFI,3.362,2QSG,3.1
6MVS,1.65,6MVU,1.488
6DD6,2.3,4DJA,1.45
6IUT,2.3,3KDM,1.5
5ZK3,2.6,5YC8,2.5
6A40,1.8,5Z9T,1.8
5Z9T,1.8,6ITG,1.42
6GLX,3.396,6GLW,1.9
6E9Q,3.4,6E9K,2.193
6MAV,2.37,3V96,1.9
6EE5,2.48,5CE0,2.3
6II9,3.5,6MHR,2.8
6GND,2.889,6GN9,1.75
6EEU,1.93,6EEV,1.49
6DYN,2.102,6DYM,2.02
6MF5,2.7,6MF4,1.8
6HDA,3.8,6HDC,3.4
6HDC,3.4,6HD8,2.4
6FS0,2.25,6QB6,2.24
6QB6,2.24,5MES,2.24
5ZM9,2.7,5ZIQ,1.5
6GX6,2,6FQ1,1.31
5Z4Y,2.401,5Z4Z,2.053
6FNN,1.85,6FJV,1.35
6MKQ,1.9,6MK6,1.7
5ZQN,1.8,5XDS,1.75
6IRU,2.7,6A4T,2
6GUZ,1.9,6GUX,1.3
5ZQQ,2.29,6A84,1.98
6A84,1.98,5ZQR,1.75
6MG0,6,6MFZ,6
6MFZ,6,6MFY,2.5
6IZJ,2.1,6K2H,1.8
6IXF,3.6,6IXE,3.35
6G1M,2.32,6G1H,1.79
6D30,1.17,4H7W,1.1
6HRJ,1.7,5ONK,1.03
6M93,2.5,6M91,2.4
6IFA,1.9,6IFB,1.37
6IAN,3.2,6IA7,2.3
6N8Q,2.2,6N8R,1.91
6GIZ,1.54,6GJA,1.5
6GJA,1.5,6GIT,1.418
6H4C,2.52,6H49,1.8
6IUI,2.6,6IUH,1.8
6E6R,1.5,6E6Q,1.2
6AKO,2.396,6AKP,2.323
5ZWS,2,5ZWT,2
6CAY,2,5YQI,1.6
6IKK,2.19,4ZHY,1.969
6ME3,2.9,6ME2,2.8
6HZE,2.7,6HZG,1.6
6C16,3.27,6BYH,2.61
6C76,2.1,6C7L,1.91
6I8L,1.58,6I8Y,1.52
6FMT,3,6CB2,2
6IQL,3.5,5WIU,1.962
5ZU4,2.39,6IUL,2.25
6GRG,2.35,6GOS,2.1
6E64,3.15,6E62,2.7
6CSO,3.2,3UG9,2.3
6DGN,1.999,5FUS,1.87
6FOM,2.9,6FOK,1.97
6CXS,2.8,4JKM,2.263
6ABY,2,6ABX,1.7
5Z7G,2.301,5Z7L,2.02
6CWP,1.92,6CWQ,1.9
6IEY,2.097,6AAE,1.641
6A93,3,6A94,2.9
6NAB,2,6UYH,1.75
6FPY,2.339,6FPZ,2.2
6MIB,1.8,3REP,1.8
6GKI,2.23,5UWA,1.501
5ZTF,3.45,6JJU,3.2
6AIJ,2.096,6L2H,2.096
6NIP,4.16,6NIS,2.113
6NIS,2.113,6MTX,2.051
6HAU,1.86,6HAT,1.856
6DEG,2.45,6PTR,1.75
5ZYW,2.2,5ZYU,1.752
6MFO,3.15,6N2E,2.9
6N2E,2.9,6CV7,1.692
6MI4,2.5,6MI3,1.783
6Q8N,1.76,6Q8M,1.42
6E9O,3.501,6E9N,2.915
6Q3R,2.69,1FHL,2.3
6D0I,1.55,6D0H,1.5
6EE0,2.518,2V14,2.2
6DVV,2.25,6DUX,2.25
6HBS,1.65,6HBV,1.65
6DUY,2.81,4K1O,2.603
6H6Z,2.085,6H70,1.83
6GP2,1.48,6GP3,1.23
6C8S,2.2,6C8R,1.951
6G6N,2.001,6G6M,1.7
5ZCD,1.707,5ZCC,1.704
5ZCC,1.704,5ZCE,1.555
6DF3,2.15,3DLQ,1.9
5Z3J,1.7,5Z3I,1.65
5Z3I,1.65,5Z37,1.3
6DCW,2,6DCV,1.9
6GL0,2.2,6GL2,1.96
6H3U,3.168,6H3T,2.836
6IBP,2.536,6Q52,2.3
6FUD,1.3,6FUB,1.3
6HS3,2.4,4WBS,2
6G6P,2.4,6G6O,2.05
6H5B,2.8,6IZW,2.4
5ZR4,3.1,5ZR6,3
6A16,1.998,6A15,1.79
6IHK,2.23,6IJB,2.111
6FNO,1.95,6FNN,1.85
6A6X,2.7,5WYG,2.356
6C6G,2.1,6C62,1.95
6HAC,2.3,6HAV,1.06
5ZA4,2.193,5Z99,1.494
6FN2,2.3,5ZM0,1.6
6C34,2.2,6C33,1.8
6IX4,1.511,6IX2,1.478
6FKN,4.801,6FKM,2.96
6FKM,2.96,6FKK,2.78
6H8L,1.54,6H8N,1.26
6J1N,2.532,6J1M,2.001
5ZNR,3.202,5ZNP,2.8
6CY1,1.9,6CY5,1.7
6GPD,1.75,6GPC,1.75
6FQL,2.349,6FQ3,1.901
6Q84,3.7,6Q82,2.994
6IRX,2,6IRY,1.8
6IRY,1.8,6IS0,1.8
6I0A,1.3,6I05,1.213
6ILA,2.7,6IL9,1.72
6GZ9,3.1,6HZP,2.5
6HZP,2.5,6EXS,2.5
6A9E,3.205,6A9J,2.7
6C37,1.696,6C30,1.397
6MFP,3,6MFJ,2.62
6FX5,2.05,4ATH,1.95
6MHM,2.743,5U7Z,2.5
5ZBU,3.2,5ZC4,1.906
6FG5,2.35,6EZU,2.04
6FHP,1.703,5FZP,1.7
6GOW,2.1,5MAW,1.5
6N9G,2.129,2PBI,1.95
6HNV,2.6,6HND,2.23
6ED0,1.44,6ECY,1.4
6G09,1.4,6G00,1.4
6A8O,2.77,5GVT,2.61
6A72,2.1,6A71,1.6
5Z74,1.95,5Z73,1.93
6FXE,2.4,6FZE,2.26
6FKE,2.151,6FK5,2.02
6FK5,2.02,2JC4,1.9
6ISK,1.77,6ISL,1.77
6FHM,2.39,6F3Z,2
6N2O,2.824,6N2N,1.937
5ZM7,3.401,5ZM6,2.7
5ZM6,2.7,5ZM5,2.6
6AGU,3.15,6IXK,2.2
6D7G,2.75,4LFH,2.3
6A4S,1.9,6A4R,1.828
6IOX,2.04,6IOW,1.7
6H4G,2.144,6FLO,2.139
6AKL,1.75,6AKK,1.5
6FSL,2.5,6FSK,1.56
6D3U,2.21,6D2C,1.906
6HZL,2.77,6HZK,2.4
6E95,2.25,6E52,1.93
6CKN,2.49,6CKO,2
6IST,1.75,6L00,1.75
6H4J,3.07,6HEL,2.941
6CDM,2.408,6CDO,2.099
6MFD,2.794,6MFC,2.589
6MGG,1.78,6PFN,1.76
6CSF,3.3,6CSE,3.24
5Z5D,1.7,5Z5I,1.7
6N0V,2.502,6N67,1.9
6D2V,1.901,6ND7,1.36
6MRK,2.8,6IHJ,2.7
6FIC,2.18,1EQF,2.1
6IJF,1.9,6IJE,1.55
6HT5,3.451,1GT0,2.6
6GAU,3.3,6GAV,2.6
6A8L,2,5ZN8,2
6IUN,2.38,6IUM,2
6H0P,3.47,6H0N,3.02
6I8G,2.344,4NFU,2.21
6AGJ,2.999,6AGI,2.799
6E8I,1.68,6E8H,1.68
6E8H,1.68,6E8M,1.61
6IZX,2.43,6IZY,2.11
6IZY,2.11,5K5M,2.01
6MEI,2.9,6URH,2.2
6FSQ,2.79,6HWP,2.547
6HWP,2.547,6FT5,1.94
6H1X,1.7,6H2L,1.5
6E4Z,2.202,6MV5,2.1
6D68,2.36,2AWF,2.1
6MNA,1.75,6E5D,1.65
6E5D,1.65,6E5F,1.37
6GS1,3.29,6GS4,2.645
6FPR,2.65,6FPK,1.95
6CDW,1.84,6CGK,1.668
5ZLQ,2,5ZRT,1.9
6D3F,2.271,6D4F,1.909
6IDR,2.502,6IDP,2.205
6A44,2.4,6A43,2.4
6A43,2.4,6A42,1.7
6DF7,2,6DF4,1.3
6CO6,1.701,6CO9,1.602
6CO9,1.602,6COJ,1.4
6GHB,3.104,6GHO,1.79
6FWR,2.5,6FWS,2.5
5ZO2,3.29,5ZO1,2.201
6IAD,2.05,6IA8,1.9
6IBD,1.48,6XY7,1.086
6H98,1.8,6H99,1.6
6MEH,1.99,6MEE,1.36
6N4N,2.29,5CWP,1.9
6C94,2.72,6C93,2.674
6MZN,2.38,6MZP,2.1
5Z2E,1.8,5Z2D,1.8
6CWG,2.6,6CWK,1.256
6GWP,2.28,6GWN,2.03
6A5C,1.68,6FIH,1.08
6HNK,2.5,6HNJ,1.8
6HNJ,1.8,6HNI,1.35
6DCX,3.408,2VGE,2.1
6GRC,2.452,6GRB,2.4
6IBB,2.12,6RNK,1.94
5ZW3,2.27,5ZW4,1.7
6A5E,2.766,6A5B,2.205
5Z6R,3,5Z6Q,3
5ZCI,2,5ZCM,1.7
6C7S,2.1,5KOX,1.8
6DTA,2.694,6DT7,2.5
6A5N,2.4,6A5M,2.301
6A5M,2.301,6A5K,1.9
6CF9,2.29,6CF8,1.87
6GZ2,1.94,6GZ0,1.52
6MER,3,6MEQ,2.9
6MEQ,2.9,5K8R,2.5
6CI5,2,6EDK,1.8
6J1Y,2.55,6J1X,2.3
6E2A,2.2,2GJL,2
6CUN,1.29,3CP5,1.24
5ZVW,2.292,5ZVV,2.2
6D6I,2.551,6D4P,2.11
6G9P,2.101,6G9S,2.001
5ZXU,2.2,5ZXN,1.855
6NC5,2.074,6DR8,1.476
6DR8,1.476,6DQH,1.104
6FSW,1.9,1T95,1.9
6MHJ,3.019,6DKK,2.7
5ZB3,3.506,5ZB1,3.061
6NDU,2.1,6NEP,2.098
6MNS,2.7,6MNR,2.201
6MBG,1.852,6MBF,1.543
5ZFH,1.93,5ZFI,1.8
5ZFI,1.8,6AHS,1.75
6A3C,2.35,6A3A,2.3
6I5V,2.01,6I5R,1.6
6NEW,2.5,2VRW,1.85
6CW2,2.67,6CW3,1.98
6C4G,2.39,4ZL4,2.37
5Z6C,1.97,4R6K,1.94
6IQ5,3.7,3PM0,2.7
6DT8,3.2,6DT7,2.5
6H1C,2.34,1MZB,1.8
6A59,1.82,6A58,1.57
6E9C,3.2,6E8J,3.091
6A3L,2.14,6A3K,1.71
6NCM,2.704,6NCE,2.598
5ZIT,3.196,5XE0,2.3
6I3Z,3.1,1QMB,2.6
6GXC,3.401,3RCE,3.4
5ZDL,2.6,5ZDK,2.45
6GOY,1.65,6GP0,1.5
6C8F,6.5,6C8H,6.5
6C8H,6.5,6C8G,6.31
6HUA,3.389,6HU8,1.894
6AGO,3.103,6INE,2.6
6MGA,3.15,6BX7,2.85
6FG9,4.2,6FFY,3.9
6EBY,1.85,6EA3,1.65
5ZIZ,2.2,5ZJ0,1.9
6IE1,2.48,6IDX,1.699
6C4L,2,6C4M,1.94
6HP2,1.9,6HP1,1.9
6GJU,2.6,6GJS,1.95
6A7J,2.71,6A7I,2.19
6IJU,2.4,6IS4,1.854
6FM6,1.05,6FM7,1.04
6MAO,1.95,6MAI,1.8
6AEL,1.9,6AEK,1.8
6NAS,2.9,6NBW,2.5
6N5Y,2.26,6N5X,2.051
6MDX,1.55,6MDW,1.5
5ZLG,2.8,5ZLE,2.6
6H0D,1.598,6H0C,1.592
5Z39,2.74,5Z1N,1.949
6HN7,3,6HLK,2.42
6IWE,1.939,4RSL,1.9
6DGJ,2.294,6DGG,1.498
6MW5,2.1,6MW8,1.756
6IP4,2.6,6IP0,2.4
6ISC,2.2,6ISA,2
6IWD,1.8,2BZL,1.65
6Q3P,1.03,6Q41,1.03
6HXE,2.1,6I06,2
5ZBE,1.6,5ZBF,1.6
6DMS,2.85,6DLH,2.2
6IET,2.101,6IEU,1.787
6ABV,1.8,6ABW,1.72
6DDU,2.668,6DDT,2.1
6D35,3.9,6D32,3.751
6DRQ,2.3,6DNM,1.397
6HEG,3.019,6EUD,2.4
6GUM,1.792,6GV3,1.201
6H8K,3.79,4WZ7,3.6
6I1J,2.35,4DZK,1.79
6DQ2,2.158,6DN4,1.99
6ECX,1.9,6ECT,1.42
6FOC,4,6PI4,2.1
6CNV,4.1,6CNW,0.92
6D46,2,6DJK,1.85
6C1Q,2.9,6C1R,2.2
6MTS,2.437,6MTR,1.798
6CT8,2.62,6CU2,2.58
6AK7,2.605,2IQ1,2.25
6GZP,2.1,5LMW,1.5
6D67,2.55,6D66,2.226
6CIG,1.65,1FP2,1.4
5ZME,3.603,5ZMF,3.556
6E0L,2.25,6E0K,1.6
6E24,3.001,6E16,2.4
6CCU,1.75,6CCR,1.6
6A77,2,6A76,1.5
6A6W,2.601,5YBX,2.501
6MJ9,1.85,5V0R,1.55
6MC9,3.3,6MBA,1.799
6FUZ,2.7,6FV0,2.29
5ZE4,2.11,5YM0,1.842
6HG9,3.62,6HG4,3.32
6N40,3.307,6OR2,2.59
6J21,3.2,6J20,2.7
6IOZ,3.1,5FQL,2.3
6IWH,1.95,6IWG,1.8
6D9W,3.941,5KTE,3.941
6GVL,2.05,6GVK,1.55
6FUX,1.65,6FUC,1.17
6GK6,1.6,6GK5,1.6
6CIA,2.3,4WGH,1.8
6IU7,1.9,6IUA,1.7
6HZQ,1.95,6I1I,1.75
6MFW,2.5,6MFX,2.2
5Z5K,2.493,3LAF,2.4
6HUL,2.55,5N2P,2.059
6IED,3,6A2J,2.2
6N1X,2.35,6D9T,2
5ZNG,2.189,5ZNE,1.78
6MOJ,2.431,6MOI,2.065
6AIC,1.8,6AIB,1.5
6IL7,2.5,5H29,2.3
6EC0,2.983,6E2J,2.386
6IAP,2.9,1OLL,1.93
6EC7,2.15,6EC8,2.148
6H4K,2.05,6HEM,1.72
6H4B,2.902,6H48,2.2
6G0C,2.802,6B7Q,2.2
6I59,2.95,5MZN,1.787
6GR9,2.25,6GR8,1.75
5ZXA,1.77,5ZX9,1.55
6CAM,1.75,5UQZ,1.149
6D26,2.798,6D27,2.738
6E3D,1.271,6E4D,1.252