PDB,RES
5MOP,1
5MOR,1
5MON,1
4N7F,1
4N7I,1
4MVA,1
4N8Z,1
4MWP,1
4MX6,1
4N9P,1
4N9S,1
4MXT,1
4MY7,1
4N9V,1
4MXJ,1
4MXD,1
4MYS,1
4MYD,1
4MZI,1
4MZJ,1
4MZN,1
4MZO,1
4MZB,1
4MZC,1
4MZD,1
3ZRX,1
3ZTF,1
3ZSL,1
3ZSM,1
3ZUC,1
3ZUD,1
3ZTV,1
3ZTZ,1
3ZTM,1
3ZTO,1
3ZTP,1
3ZWI,1
3ZVZ,1
3ZVS,1
3ZXK,1
3ZXC,1
3ZXF,1
3ZXH,1
3ZWU,1
3X3O,1
3X3P,1
3X3S,1
3PFZ,1
3PFX,1
3PFJ,1
3PHH,1
4UFX,1
4UFQ,1
4UHC,1
4UHD,1
4UHE,1
4UHF,1
4UHO,1
4UHT,1
4UHU,1
4UHH,1
4UHM,1
4UIY,1
4UIZ,1
4UIT,1
4UIO,1
4UMI,1
4ULV,1
4V0K,1
4UOB,1
4UNU,1
4UPI,1
4V1J,1
3PBU,1
3PBV,1
3PBW,1
3PBY,1
3PBZ,1
3PC0,1
3PD7,1
3PCW,1
3PE6,1
3PFG,1
3PES,1
4XOC,1
4XOD,1
4XOF,1
4XOJ,1
4XO6,1
4Y08,1
4XO9,1
4Y1H,1
4XOT,1
4XOV,1
4XOW,1
4Y0Y,1
4Y0Z,1
4XP0,1
4Y10,1
4Y11,1
4XQE,1
4Y2F,1
4XQG,1
4XQA,1
4XQC,1
4XPW,1
4Y1W,1
4XPX,1
4XPY,1
4XPZ,1
4XQ1,1
4XQ4,1
4Y3F,1
4XRG,1
4Y3G,1
4Y3H,1
4Y3J,1
4Y3L,1
4Y3A,1
4Y3D,1
4Y3E,1
4Y38,1
4Y39,1
4Y2M,1
4Y31,1
4Y35,1
4Y4G,1
4Y4J,1
4Y4A,1
4Y4B,1
4Y4D,1
4Y4E,1
4Y47,1
4Y48,1
4Y3X,1
4Y3Y,1
4Y3Z,1
4Y3N,1
4Y41,1
4Y3Q,1
4Y3R,1
4Y43,1
4Y3S,1
4Y44,1
4Y3T,1
4Y45,1
5DIU,1
5DJ7,1
5DIC,1
5D0C,1
5COF,1
5D0E,1
5D2B,1
5CQ2,1
5D1C,1
5CPH,1
5D3C,1
5CR4,1
5D38,1
3F14,1
3EOJ,1
3F0L,1
3F0D,1
3EPW,1
3F1N,1
3F1P,1
3F1L,1
3F1A,1
3F2Z,1
3ERX,1
3F40,1
3ESS,1
5JUH,1
5JUA,1
5K6D,1
5JUG,1
5K87,1
5K86,1
5JW8,1
5K7J,1
5JVI,1
5JVE,1
5K9B,1
5K8S,1
5JWT,1
5JWW,1
5JWV,1
5K90,1
5K92,1
5K91,1
2PE7,1
2PEB,1
2PDL,1
2PDH,1
2PDG,1
2PEZ,1
2PF8,1
2PFE,1
2PEG,1
2PEV,1
2PFH,1
2PGO,1
2PGN,1
2PIE,1
2PHN,1
2PHY,1
2PI3,1
2PWA,1
2PY0,1
2Q9O,1
2PXX,1
2Q9T,1
2PY4,1
2Q9D,1
2PYA,1
2PZN,1
2PZV,1
2QA9,1
2QAA,1
2QB3,1
2QCA,1
2QD8,1
2QD7,1
2QD6,1
2QCI,1
2QCF,1
2QCE,1
2QCP,1
2QDY,1
2QDW,1
2QE8,1
2QDV,1
2QED,1
2QFE,1
2QFA,1
2QET,1
2QES,1
2QF4,1
2QGE,1
2QGC,1
2QGB,1
2QG1,1
2QHA,1
2QIP,1
2QIM,1
2QIK,1
2QJ7,1
2QJ5,1
2QJL,1
2QJZ,1
2QJW,1
2QLI,1
2QNN,1
2QNG,1
2QMT,1
2QMO,1
2QOF,1
2QOD,1
2QOC,1
2QOO,1
2QOL,1
2QOK,1
2QOI,1
2QNT,1
2QNP,1
2R01,1
2QO8,1
2QPN,1
2QP6,1
2R16,1
2R14,1
2R0X,1
2R31,1
2QPX,1
2R3I,1
2R3R,1
2R3Q,1
2R2Z,1
2QSK,1
2QT4,1
2QT2,1
2QT1,1
2QSB,1
2R5O,1
2QT7,1
2R75,1
2R6Q,1
2RN2,1
2RTJ,1
2RTI,1
2RTG,1
2RTF,1
2RTQ,1
2RTM,1
2RTL,1
2RTA,1
2QVK,1
2R80,1
2QUZ,1
2R6V,1
2QVB,1
2R8O,1
2R8N,1
2R8U,1
2R8E,1
2R9P,1
2QXI,1
2QXW,1
2QZ0,1
2RA3,1
2RA9,1
2RB8,1
2RAV,1
2RB5,1
2RB2,1
2RAC,1
2RC8,1
2RBV,1
2RBT,1
2RBR,1
2RBP,1
2RBO,1
2RBN,1
2RBK,1
2RCT,1
2RCQ,1
2RDK,1
2RDQ,1
2RE2,1
2RDN,1
2RFV,1
2RGE,1
2RGB,1
2RFF,1
2RFR,1
2RHF,1
2RGG,1
2RH6,1
2RH2,1
2RI7,1
2RIZ,1
2RIL,1
2RJ6,1
2RIT,1
2RJ5,1
2RJ4,1
2RK1,1
2RJY,1
2RJV,1
2RK6,1
2RK4,1
2RK3,1
2RL8,1
2TNF,1
2SN3,1
2TPS,1
5X0J,1
5W50,1
5VSN,1
5VSC,1
5VSG,1
5W3R,1
5W3Q,1
5W46,1
5W55,1
5VW3,1
5VW2,1
2NNV,1
2NNS,1
2O0B,1
2O24,1
2O23,1
2NQH,1
2NRM,1
2NRL,1
2NRR,1
2NRN,1
2NQZ,1
2NQW,1
2NR7,1
2O4L,1
2NT4,1
2NT3,1
2NSZ,1
2NTG,1
2O5G,1
2O6N,1
2NUK,1
2NUI,1
2O6X,1
2NUH,1
2NW2,1
2O7R,1
2O7A,1
2NVG,1
2NX0,1
2O8O,1
2O90,1
2O8T,1
2NWF,1
2NWD,1
2O9S,1
2NXV,1
2O9U,1
2NXT,1
2O9C,1
2NXB,1
2NYB,1
2NZL,1
2OA2,1
2OB3,1
2OCT,1
2ODK,1
2OF9,1
2OFC,1
2OFB,1
2OEI,1
2OF8,1
2OFZ,1
2OFM,1
2OG5,1
2OFR,1
2OH1,1
2OHW,1
2OIZ,1
2OK4,1
2OK6,1
2OLB,1
2OLN,1
2OLM,1
2OKT,1
2OL9,1
2OL7,1
2OML,1
2OMH,1
2OLX,1
2ON8,1
2P0N,1
2P02,1
2OPC,1
2P2S,1
2OR3,1
2P1X,1
2OQA,1
2P45,1
2OS0,1
2ORD,1
2P4K,1
2P4H,1
2P4F,1
2P4T,1
2OSS,1
2P51,1
2P49,1
2P5K,1
2OSX,1
2OTE,1
2OV0,1
2OUS,1
2P74,1
2OUR,1
2P7O,1
2OVJ,1
2OW6,1
2P86,1
2OVG,1
2OWS,1
2P8I,1
2P8G,1
2OXW,1
2P9W,1
2OXU,1
2OXS,1
2OXG,1
2OXC,1
2OYB,1
2OYF,1
2OZT,1
2OZH,1
2PIY,1
2PK6,1
2PL7,1
2PLZ,1
2PNE,1
2PND,1
2PN6,1
2PMR,1
2POF,1
2Q0L,1
2PPP,1
2PPO,1
2Q20,1
2PPN,1
2Q0U,1
2PQ8,1
2PQ7,1
2PQ3,1
2Q3G,1
2Q44,1
2PQX,1
2PR7,1
2PR5,1
2PSF,1
2Q52,1
2Q4N,1
2Q3W,1
2PRV,1
2PSD,1
2PTH,1
2Q5C,1
2Q5B,1
2Q6M,1
2PV2,1
2PV1,1
2Q7W,1
2PUY,1
2PVE,1
2PVB,1
2PWO,1
2Q8X,1
2PVX,1
2PC1,1
2PC0,1
6MV4,1
6N6T,1
6MVZ,1
6MW1,1
6MW0,1
6MW2,1
6MVU,1
6N7A,1
6MX9,1
6N8X,1
6MWS,1
6MX3,1
6N9M,1
6N9B,1
6N9H,1
6MZ3,1
6MYW,1
6MYJ,1
6MZ2,1
6MZ1,1
6MYE,1
6MYD,1
6MYI,1
6ND7,1
6NDT,1
6NE2,1
6NFH,1
6NFD,1
6NFR,1
6NJ1,1
6NIO,1
6NIB,1
6NIA,1
6NHX,1
6NI9,1
6NI4,1
6NI6,1
6NI5,1
6NI8,1
6NI7,1
6NJ3,1
6NIQ,1
6NJ5,1
6NJ4,1
6NIV,1
6NKJ,1
6NM0,1
6NLQ,1
6NLF,1
6NLA,1
6NL7,1
6NL6,1
6NMO,1
6NN2,1
6NNN,1
6NNS,1
6NNR,1
6NNU,1
6NNT,1
6NMW,1
6NP3,1
6NP2,1
6NP5,1
6O15,1
6NP4,1
6NPP,1
6O21,1
6NQ4,1
6NP9,1
6NP8,1
6O2X,1
6NQH,1
6O2H,1
6NPX,1
6O3R,1
6O48,1
6O3K,1
6O40,1
6O3D,1
6O54,1
6NSV,1
6O4M,1
6O53,1
6O5U,1
6O5W,1
6O5I,1
6NV2,1
6NW7,1
6NVX,1
6O7M,1
6O91,1
6O8I,1
6O8L,1
6O8M,1
6NXY,1
6NXR,1
6NY7,1
6NY0,1
6NZA,1
6NYT,1
6NZ8,1
6NZS,1
6NZT,1
6NZC,1
6NZB,1
6OA7,1
6OA6,1
6OC7,1
6OBX,1
6OC0,1
6ODG,1
6OCN,1
6ODZ,1
6OE1,1
6OE0,1
6OFL,1
6OFK,1
6OGL,1
6OGC,1
6OFM,1
6OFQ,1
6OHK,1
6OGO,1
6OGQ,1
6OGS,1
6OGR,1
6OGT,1
6OJ7,1
6OLX,1
6ONR,1
6ONG,1
6OMU,1
6ON6,1
6OP6,1
6P0I,1
6P0K,1
6P0J,1
6P0L,1
6OPL,1
6OP7,1
6P0Z,1
6OR3,1
6P2L,1
6P2N,1
6P2C,1
6OQD,1
6P2F,1
6P28,1
6P44,1
6OS7,1
6OS6,1
6ORI,1
6P3C,1
6OT4,1
2MHR,1
2NLF,1
2NLE,1
2NLD,1
2NMO,1
2NLV,1
2NLS,1
2NLR,1
2NNG,1
2NNP,1
2NNO,1
2NNK,1
2NN8,1
2NN5,1
2NMZ,1
2NMY,1
2LIS,1
5USV,1
5UUN,1
5UUO,1
5V6J,1
5UUI,1
5UUL,1
5UUK,1
5V86,1
5V7E,1
5V7D,1
5V91,1
5V8Q,1
5V92,1
5V8S,1
5V8G,1
5UY1,1
5UXS,1
5V9U,1
5UWZ,1
5VAS,1
5VBM,1
5VBO,1
5VDB,1
5VD6,1
5VFB,1
5VFA,1
5VF5,1
5VEI,1
5VEJ,1
5VGB,1
5VG0,1
5VG3,1
5VFF,1
5VFE,1
5VGY,1
5VGL,1
5VI6,1
5VHG,1
5VIQ,1
5VIV,1
5VIK,1
5VKB,1
5VKA,1
5VJT,1
5VLE,1
5VL5,1
5VKX,1
5VL0,1
5VLV,1
5VN1,1
5VN4,1
5W0G,1
5W0I,1
5W0H,1
5W0E,1
5VNV,1
5VNY,1
5VNS,1
5W1N,1
5W2F,1
5VPQ,1
5VPS,1
5VRK,1
5J2X,1
5IQN,1
5IQO,1
5J35,1
5IR4,1
5J48,1
5J3O,1
5J41,1
5IS4,1
5IT3,1
5ISV,1
5J4U,1
5J4H,1
5J4L,1
5ISK,1
5J4K,1
5J4F,1
5ITQ,1
5J64,1
5ITW,1
5ITM,1
5IU0,1
5J6Y,1
5IUQ,1
5IUC,1
5IVS,1
5IVT,1
5IVY,1
5J80,1
5IVN,1
5IVB,1
5IXB,1
5IWU,1
5J8W,1
5J8N,1
5J90,1
5J93,1
5IWH,1
5J9V,1
5J9M,1
5J9O,1
5IY2,1
5IXH,1
5IYW,1
5IYP,1
5IZ3,1
5IYQ,1
5JAC,1
5JBA,1
5JB8,1
5JAX,1
5JB9,1
5JAZ,1
5JC6,1
5JBX,1
5JC8,1
5JBN,1
5JBT,1
5JDI,1
5JDK,1
5JDA,1
5JCX,1
5JEI,1
5JEH,1
5JEE,1
5JED,1
5JEG,1
5JDT,1
5JDV,1
5JE7,1
5JFP,1
5JG1,1
5JFD,1
5JEP,1
5JES,1
5JGK,1
5JGM,1
5JGO,1
5JH1,1
5JGI,1
5JG3,1
5JG5,1
5JGS,1
5JGR,1
5JGU,1
5JGT,1
5JH8,1
5JGY,1
5JIM,1
5JIQ,1
5JJ2,1
5JID,1
5JIG,1
5JIC,1
5JHX,1
5JI8,1
5JHY,1
5JK4,1
5JIY,1
5JIX,1
5JLA,1
5JO3,1
6B8G,1
6B8F,1
6B8K,1
6B7V,1
6AVX,1
6B7W,1
6AVK,1
6AX4,1
6AYK,1
6AYM,1
6B9X,1
6AY3,1
6AXQ,1
6AY5,1
6AYQ,1
6BA9,1
6BB7,1
6BCB,1
6BCD,1
6BDP,1
6BEV,1
6BG3,1
6BG5,1
6BFM,1
6BFP,1
6BH7,1
6BGY,1
6BH2,1
6BGD,1
6BHL,1
6BI1,1
6BHE,1
6BHD,1
6BHG,1
6BHI,1
6BHK,1
6BIO,1
6BID,1
6BJZ,1
6BK0,1
6BJJ,1
6BJM,1
6BKW,1
6BLM,1
6BLN,1
6BN3,1
6BNZ,1
6BO0,1
6BO2,1
6BO1,1
6C17,1
6C10,1
6BOF,1
6BQA,1
6C1X,1
6C1Z,1
6BPF,1
6C1J,1
6BRA,1
6C2Z,1
6C2O,1
6C30,1
6C2H,1
6BSC,1
6C3T,1
6C3F,1
6C3L,1
6C5B,1
6C5F,1
5OAB,1
5OAX,1
5OAZ,1
5OB1,1
5OB0,1
5OAV,1
5OCG,1
5OBY,1
5OBW,1
5OBK,1
5OD4,1
5OD9,1
5OD1,1
5OE3,1
5ODY,1
5ODK,1
5OFG,1
5OFF,1
5OFK,1
5OFJ,1
5OF5,1
5OF7,1
5OF6,1
5OF8,1
5OF0,1
5OGH,1
5OGJ,1
5OFS,1
5OHH,1
5OGN,1
5OGP,1
5OGO,1
5OHQ,1
5OJA,1
5OJC,1
5OJ9,1
5OJ5,1
5OKB,1
5OKA,1
5OKE,1
5OKG,1
5OJZ,1
5OK2,1
5OK4,1
5OK6,1
5OK7,1
5OLL,1
5O1H,1
5O1G,1
5O1I,1
5O1L,1
5O1B,1
5O1A,1
5O1D,1
5O1C,1
5NPF,1
5O1F,1
5O1E,1
5NOW,1
5NOY,1
5NOX,1
5O0Z,1
5NR4,1
5NR8,1
5O38,1
5O37,1
5NQO,1
5O2O,1
5O2E,1
5O29,1
5NPZ,1
5O45,1
5NS9,1
5O3I,1
5NRK,1
5NRM,1
5NRA,1
5NRF,1
5O3E,1
5NRH,1
5O3H,1
5O2X,1
5O55,1
5NT7,1
5O3Y,1
5NSA,1
5O5T,1
5O5S,1
5O5F,1
5O75,1
5O6X,1
5O6O,1
5O6N,1
5O6Q,1
5O6R,1
5NUE,1
5O6H,1
5O6J,1
5O7V,1
5O7U,1
5O7W,1
5NW3,1
5NVG,1
5NVJ,1
5O97,1
5O99,1
5NWP,1
5O95,1
5NWG,1
5O8I,1
5O8M,1
5NWD,1
5NXW,1
5NXZ,1
5NXP,1
5NY1,1
5NXO,1
5NY3,1
5O9Q,1
5NXV,1
5NY7,1
5NY6,1
5NXG,1
5QBO,1
5QBN,1
5QBP,1
5QBR,1
5QBT,1
5QBF,1
5QBH,1
5QBK,1
5QIF,1
5QIE,1
5QIH,1
5QIG,1
5QIB,1
5QIA,1
5QID,1
5QIC,1
5QHU,1
5QI6,1
5QHT,1
5QI5,1
5QHW,1
5QI8,1
5QHV,1
5QI7,1
5QHY,1
5QHX,1
5QI9,1
5QHZ,1
5QI0,1
5QI2,1
5QI1,1
5QI4,1
5QI3,1
5QJC,1
5QIV,1
5QIX,1
5QIO,1
5QIR,1
5QIQ,1
5QIT,1
5QK0,1
5QK1,1
5QOQ,1
5R0D,1
5R04,1
5QPL,1
5R20,1
5QPN,1
5QPQ,1
5R22,1
5QPP,1
5R21,1
5R24,1
5R23,1
5QPJ,1
5R2N,1
5R2M,1
5QR1,1
5R2P,1
5R31,1
5R2O,1
5R30,1
5QQR,1
5R2R,1
5R33,1
5R2Q,1
5R32,1
5QR5,1
5R2T,1
5R35,1
5R2S,1
5R34,1
5R2F,1
5R2E,1
5R2H,1
5R2G,1
5R2J,1
5R2I,1
5R2L,1
5R2K,1
5R2B,1
5R2A,1
5R2D,1
5R2C,1
5QPU,1
5R1U,1
5R26,1
5QPT,1
5R1T,1
5R25,1
5R1W,1
5R28,1
5R1V,1
5R27,1
5R1Y,1
5R1X,1
5R29,1
5R1Z,1
5R3O,1
5R40,1
5R3N,1
5R3Q,1
5R3P,1
5R41,1
5R3S,1
5R3R,1
5R3U,1
5R3T,1
5R3G,1
5R3F,1
5R3I,1
5R3H,1
5R3K,1
5R3J,1
5R3M,1
5R3L,1
5R3A,1
5R3C,1
5R3B,1
5R3E,1
5R3D,1
5R2V,1
5R37,1
5R2U,1
5R36,1
5R2X,1
5R39,1
5R2W,1
5R38,1
5R2Z,1
5QQY,1
5R2Y,1
5R4O,1
5R4V,1
5R4H,1
5R4G,1
5QSJ,1
5R4J,1
5R4I,1
5R4L,1
5R4K,1
5R4N,1
5R4M,1
5R4F,1
5QS8,1
5R3W,1
5R3V,1
5Q90,1
5Q8N,1
5PX2,1
5Q8P,1
5Q91,1
5PWS,1
5PX4,1
5PWR,1
5Q8D,1
5PWG,1
5PWF,1
5Q8F,1
5Q8I,1
5Q8A,1
5Q9V,1
5Q9U,1
5PXN,1
5Q9N,1
5Q9M,1
5Q9P,1
5Q9O,1
5PXT,1
5PY5,1
5Q9T,1
5PXS,1
5Q9S,1
5Q9F,1
5Q9E,1
5Q9I,1
5PXL,1
5PXB,1
5Q9B,1
5PXA,1
5Q9C,1
5PYW,1
5QA0,1
5QA1,1
5QBA,1
5QBC,1
5QBE,1
5QBD,1
5QB9,1
5QB8,1
5QB5,1
6JEB,1
6JEE,1
6JDZ,1
6JE2,1
6JE1,1
6JGH,1
6JGJ,1
6JGI,1
6JH7,1
6JGU,1
6JJ1,1
6JJ5,1
6JJQ,1
6JK2,1
6JK4,1
6JK3,1
6JJT,1
6JK5,1
6JJ6,1
6JL3,1
6JLV,1
6JKX,1
6JKZ,1
6JMB,1
6JMH,1
6K04,1
6JNY,1
6JOZ,1
6K0P,1
6JPT,1
6K39,1
6JQW,1
6JQK,1
6JQB,1
6JS8,1
6K4X,1
6K58,1
6K4T,1
6JSA,1
6JSC,1
6JU9,1
6K5Q,1
6JU4,1
6JU5,1
6JU8,1
6JU7,1
6JUZ,1
6JV7,1
6JV1,1
6JV0,1
6JUA,1
6JUC,1
6JUG,1
6JWB,1
6K7C,1
6JWM,1
6K8M,1
6JWF,1
6K9T,1
6JXL,1
6JZ7,1
6JYZ,1
6JZ2,1
6JZP,1
6KAE,1
6KAI,1
6KAH,1
6KA9,1
6KAO,1
6KAP,1
6KBY,1
6KC4,1
6KEL,1
3K2Z,1
3K4V,1
3K67,1
3K5X,1
3JTZ,1
3JTM,1
3JU4,1
3K5J,1
3K6Y,1
3K6I,1
3JUM,1
3JUB,1
3JUC,1
3JUD,1
3K7P,1
3K82,1
3K7I,1
3JVL,1
3JVM,1
3JVE,1
3K8Y,1
3JWA,1
3JYO,1
3JYP,1
3JYQ,1
3JZJ,1
6AP8,1
6B0V,1
6B17,1
6B0Y,1
6B26,1
6B1X,1
6B29,1
6AQ1,1
6APO,1
6B1F,1
6APE,1
6B1K,1
6B3F,1
6B38,1
6AR0,1
6AQJ,1
6B4D,1
6ARO,1
6B42,1
6AS6,1
6ARN,1
6B4X,1
6AT2,1
6AT4,1
6AT3,1
6AT6,1
6B56,1
6AT8,1
6ASH,1
6AT0,1
6B4N,1
6AUC,1
6AUE,1
6ATR,1
6B7J,1
6B6U,1
6B6K,1
6AUL,1
6A9S,1
5POC,1
5PO5,1
5PNS,1
5PO4,1
5PNU,1
5PNX,1
5PNW,1
5PNY,1
5Q1N,1
5Q1O,1
5Q1R,1
5Q23,1
5PQ2,1
5Q1Q,1
5Q22,1
5Q1T,1
5Q25,1
5Q24,1
5PPE,1
5Q1J,1
5Q1K,1
5PPB,1
5POU,1
5Q2N,1
5Q2Q,1
5Q34,1
5Q2R,1
5Q33,1
5Q2U,1
5Q36,1
5Q35,1
5Q2G,1
5Q2F,1
5PQI,1
5Q2J,1
5Q2M,1
5Q2L,1
5PQC,1
5Q2B,1
5Q2D,1
5PPX,1
5Q1X,1
5Q29,1
5PPW,1
5Q1Z,1
5PPY,1
5Q1Y,1
5PRP,1
5Q3P,1
5Q43,1
5Q3Q,1
5Q47,1
5Q3U,1
5Q3G,1
5Q3J,1
5Q3K,1
5Q3M,1
5Q3A,1
5Q3C,1
5Q3F,1
5Q3E,1
5Q38,1
5PSQ,1
5Q4Q,1
5Q4P,1
5Q51,1
5Q54,1
5PST,1
5Q55,1
5PSK,1
5Q4K,1
5PSJ,1
5PSL,1
5PT0,1
5PSN,1
5Q4E,1
5Q3X,1
5Q49,1
5Q48,1
5Q3Y,1
5Q5R,1
5PTQ,1
5Q5Q,1
5PTT,1
5PTS,1
5Q64,1
5Q5W,1
5PTI,1
5PTK,1
5PTN,1
5PTM,1
5PTP,1
5Q60,1
5Q5C,1
5PTF,1
5Q5F,1
5Q5E,1
5Q5H,1
5PTG,1
5PT9,1
5Q74,1
5PV3,1
5Q6R,1
5Q73,1
5Q6U,1
5Q76,1
5Q75,1
5PV8,1
5Q78,1
5Q6V,1
5Q6X,1
5Q6M,1
5Q6O,1
5Q70,1
5Q6Q,1
5Q72,1
5Q6E,1
5Q6D,1
5Q6G,1
5Q6H,1
5Q5Z,1
5PVT,1
5Q7S,1
5Q87,1
5Q86,1
5Q7W,1
5Q7Y,1
5Q7M,1
5Q7O,1
5Q80,1
5Q83,1
5Q82,1
5Q7D,1
5Q7C,1
5Q7I,1
5PUZ,1
5Q7B,1
5Q7A,1
5PWU,1
5PX6,1
5Q95,1
5Q8V,1
5Q8X,1
5Q99,1
5Q8Z,1
5Q8L,1
6F3P,1
6F43,1
6F3Q,1
6ETC,1
6ET6,1
6F4T,1
6ESM,1
6F4O,1
6F4Q,1
6F4P,1
6F4S,1
6F54,1
6F4R,1
6F53,1
6F4I,1
6F4J,1
6ETV,1
6ETU,1
6ETW,1
6EU8,1
6F5Z,1
6ETN,1
6ETM,1
6ETP,1
6ETO,1
6F60,1
6ETR,1
6ETQ,1
6F5Q,1
6ETT,1
6EU5,1
6ETS,1
6F5S,1
6ETE,1
6ETG,1
6ETL,1
6ETK,1
6EVB,1
6EVD,1
6EVC,1
6EUW,1
6EV8,1
6F78,1
6EV7,1
6F6Y,1
6F6O,1
6F70,1
6EV4,1
6EV3,1
6EV6,1
6EV5,1
6EUM,1
6F6M,1
6F8A,1
6F8B,1
6EWE,1
6F7W,1
6F81,1
6F7R,1
6F82,1
6EW4,1
6F84,1
6EW6,1
6F7U,1
6EVH,1
6EVG,1
6EVN,1
6EWM,1
6EWL,1
6F8O,1
6F8N,1
6EYG,1
6EXZ,1
6F9Z,1
6EXY,1
6F9Y,1
6F9Q,1
6EXU,1
6EXX,1
6F9X,1
6EFN,1
6EFC,1
6EEV,1
6EF7,1
6EEY,1
6EEX,1
6EF9,1
6EH4,1
6EGR,1
6EH5,1
6EGL,1
6EH0,1
6EGE,1
6PAF,1
6PCD,1
6PCZ,1
6PCL,1
6PCK,1
6PEA,1
6PDV,1
6PFT,1
6PGX,1
6PKF,1
6PJV,1
6Q00,1
6Q01,1
6Q0N,1
6Q0M,1
6PNV,1
6Q1M,1
6Q2P,1
6Q35,1
6PQA,1
6Q1W,1
6Q3P,1
6Q41,1
6Q43,1
6PRT,1
6Q48,1
6Q3C,1
6Q3B,1
6P58,1
6OSV,1
6OSX,1
6OSN,1
6P4E,1
6P4D,1
6OSH,1
6P5V,1
6OTK,1
6OTM,1
6OTP,1
6OTO,1
6P5O,1
6OTQ,1
6OUE,1
6OUD,1
6OUF,1
6OUH,1
6OUK,1
6OUJ,1
6OUB,1
6OW7,1
6P89,1
6P7Z,1
6OWP,1
6P8J,1
6OWM,1
6OZ7,1
6OYD,1
2IAY,1
2IAX,1
2IAV,1
2ICC,1
2IC2,1
2IBL,1
2IC6,1
2ID8,1
2IDT,1
2IDS,1
2IDQ,1
2IDW,1
2IDU,1
2IEN,1
2IGD,1
2IGC,1
2IFQ,1
2IHL,1
2IJ2,1
2IIM,1
2II2,1
2IKI,1
2IKG,1
2ILI,1
2IMI,1
2IMF,1
2IMT,1
2IMS,1
2IMQ,1
2IP6,1
2IPN,1
2IPM,1
2IPL,1
2J1V,1
2J27,1
2J23,1
2J1A,1
2J32,1
2J30,1
2IQY,1
2IPZ,1
2J3P,1
2J46,1
2J45,1
2J5Y,1
2ITK,1
2J5G,1
2IUR,1
2J73,1
2J72,1
2J6C,1
2J6B,1
2J6L,1
2J82,1
2IVY,1
2IVJ,1
2IVI,1
2J8W,1
2J8T,1
2J8B,1
2IWN,1
2J8M,1
2J9W,1
2IXT,1
2JAE,1
2JBA,1
2JB4,1
2JB2,1
2JDA,1
2JDK,1
2JDH,1
2JCQ,1
2JCP,1
2JEK,1
2JE4,1
2JDP,1
2JDN,1
2JEP,1
2JEN,1
2JEW,1
2JFT,1
2JFS,1
2JFR,1
2JG2,1
2JHG,1
2JHF,1
2JHO,1
2JIK,1
2JJJ,1
2JKH,1
2JJU,1
2JLJ,1
2JLI,1
2J9C,1
2J9K,1
2J9J,1
2IYX,1
2IYV,1
2IYT,1
2IYS,1
2IZB,1
2IZA,1
2IZX,1
2IZJ,1
2IZH,1
2IZG,1
2IZC,1
2IZR,1
2IZQ,1
2IZL,1
2IZK,1
2KNT,1
2H9H,1
2GXG,1
2GXQ,1
2GZ5,1
2GYQ,1
2GYP,1
2GZV,1
2GZS,1
2GZQ,1
2HBA,1
2HB3,1
2HAL,1
2HCG,1
2HC2,1
2HC1,1
2HC0,1
2HBW,1
2GG3,1
2GG2,1
2GHD,1
2GHC,1
2GH7,1
2GJ3,1
2GI9,1
2GKG,1
2GKT,1
2GKR,1
2GKP,1
2GKO,1
2GKE,1
2GLK,1
2GMN,1
2GLZ,1
2GOM,1
2GOU,1
2H14,1
2GQ1,1
2H1V,1
2GQW,1
2GQV,1
2GQT,1
2H2T,1
2GRR,1
2H3L,1
2GSO,1
2H4E,1
2H5S,1
2H5Q,1
2H5P,1
2H5O,1
2GTY,1
2GU9,1
2GTF,1
2GTE,1
2H5D,1
2H5C,1
2GUV,1
2H6V,1
2GUD,1
2H6M,1
2GW3,1
2H8Z,1
2H8F,1
2H8E,1
2H90,1
2HD9,1
2HEJ,1
2HDU,1
2HDS,1
2HE4,1
2HFC,1
2HEU,1
2HEW,1
2HHG,1
2HIN,1
2HJO,1
2HIY,1
2HKR,1
2HLR,1
2HLQ,1
2HO2,1
2HOX,1
2I17,1
2I16,1
2I0T,1
2I0S,1
2I0R,1
2HQ0,1
2I1U,1
2I24,1
2HPH,1
2HQK,1
2HQZ,1
2HQX,1
2HRS,1
2HS2,1
2HS1,1
2I49,1
2I3F,1
2I51,1
2I4B,1
2I4A,1
2HSH,1
2HU6,1
2HU3,1
2I61,1
2I5Z,1
2I5V,1
2I5F,1
2HUB,1
2I7S,1
2HW2,1
2I7D,1
2I8U,1
2I8T,1
2HY6,1
2HXS,1
2HXC,1
2HXM,1
2HYV,1
2HYS,1
2HZC,1
2HYK,1
2HZY,1
2HZL,1
2IA8,1
2IA7,1
1A0M,1
1A6M,1
1A6K,1
1A6G,1
1A6N,1
1A7Z,1
1A7Y,1
1A7S,1
1AAC,1
1AB1,1
1AA5,1
1ABA,1
193L,1
194L,1
1AHO,1
1AGY,1
1AL4,1
1AKG,1
1ALZ,1
1ALX,1
135L,1
9PTI,1
1AMM,1
1B16,1
1B0Y,1
1B0B,1
1ARB,1
1B67,1
1ATG,1
1B6G,1
1AV2,1
1AWD,1
1B9O,1
1BEN,1
1BGF,1
1C2M,1
1BQK,1
1C2J,1
1C2I,1
1C2H,1
1BS9,1
1BRF,1
1C52,1
1BSM,1
1C5V,1
1C5U,1
1C5T,1
1C5S,1
1C5E,1
1C5R,1
1C5Q,1
1C5P,1
1C5L,1
1C75,1
1BVD,1
1C7K,1
1BX8,1
1BX7,1
1BXA,1
1BXQ,1
1BXO,1
1C9O,1
1BYZ,1
1BYI,1
1BZ6,1
1BZP,1
1BZR,1
1CBN,1
1BK0,1
1BKR,1
1BLZ,1
1C0R,1
1C0Q,1
1C0P,1
1C0K,1
1C1T,1
1C1R,1
1C1Q,1
1C1P,1
1C1O,1
1BQ9,1
1C1X,1
1BQ8,1
1C1D,1
1C1N,1
1C1K,1
1BPI,1
2G58,1
2G5V,1
2FTR,1
2G69,1
2G5L,1
2FUF,1
2G6F,1
2G6E,1
2FUP,1
2FVY,1
2FVV,1
2G7S,1
2G84,1
2G7B,1
2G7O,1
2G8T,1
2FWH,1
2FWG,1
2FWF,1
2G8C,1
2FWQ,1
2FWN,1
2FXU,1
2FZ8,1
2FZD,1
2FZU,1
2GBA,1
2GBJ,1
2GB4,1
2GB2,1
2GDG,1
2GCU,1
2GCO,1
2GD8,1
2GEC,1
2GG0,1
2GEW,1
2GF3,1
2GGC,1
2GGN,1
2GG9,1
2GG7,1
1CC8,1
1CC7,1
1CEX,1
1CKU,1
1CNR,1
1D06,1
1D1Z,1
1D2U,1
1D3S,1
1D4T,1
1CSE,1
1D4O,1
1D5T,1
1CTQ,1
1CTJ,1
1CUS,1
1D7E,1
1IC6,1
1IEE,1
1IDP,1
1IE9,1
1IFC,1
1IGD,1
1IFR,1
1IKJ,1
1IKI,1
1IKP,1
1IJY,1
1IJV,1
1IJU,1
1IO0,1
1J0P,1
1J0O,1
1IR0,1
1J2R,1
1J41,1
1IRO,1
1J40,1
1IRN,1
1IS9,1
1IS3,1
1IQZ,1
1J3F,1
1IRD,1
1ISP,1
1ITX,1
1ITT,1
1IUA,1
1IW0,1
1IWV,1
1IWU,1
1J96,1
1IWT,1
1J8Q,1
1IWZ,1
1IWY,1
1IWX,1
1IX9,1
1IWW,1
1J98,1
1J8A,1
1IXG,1
1J9E,1
1IXB,1
1J9B,1
1IXH,1
1JBE,1
1JBC,1
1JCD,1
1JBO,1
1JCL,1
1JCJ,1
1JFC,1
1JFB,1
1JF4,1
1JF3,1
1JF8,1
1JEV,1
1JEU,1
1JET,1
2DJL,1
2DKO,1
2DKJ,1
2DLB,1
2DN3,1
2DN2,1
2DN1,1
2E0Q,1
2E10,1
2DPQ,1
2DPL,1
2E1H,1
2E39,1
2E3W,1
2E3P,1
2DRX,1
2E3B,1
2E3A,1
2E3N,1
2DRM,1
2DRK,1
2E3H,1
2DSX,1
2DT8,1
2E4T,1
2E68,1
2E5F,1
2DUI,1
2DUH,1
2DUG,1
2E6F,1
2DUE,1
2E7Z,1
2E8I,1
2DXU,1
2DY0,1
2DZC,1
2EAB,1
2EAQ,1
2ECU,1
2ECS,1
2EHT,1
2EHS,1
2EHP,1
2EGV,1
2EHZ,1
2EIY,1
2EKU,1
2EKT,1
2EKP,1
2F01,1
2END,1
2ETX,1
2F69,1
2EU7,1
2F5V,1
2F5T,1
2EU2,1
2EUU,1
2EUT,1
2EUR,1
2EUQ,1
2EUP,1
2EUO,1
2EVW,1
2F7R,1
2F7P,1
2F81,1
2EW0,1
2F7O,1
2F80,1
2EVK,1
2EWU,1
2EWK,1
2EWI,1
2EWH,1
2F8G,1
2F91,1
2F9S,1
2FBB,1
2FBA,1
2FB6,1
2FCL,1
2FCJ,1
2FBR,1
2FDN,1
2FCO,1
2FCW,1
2FE5,1
2FG1,1
2FGQ,1
2FGO,1
2FFY,1
2FGB,1
2FI1,1
2FHN,1
2FHL,1
2FHZ,1
2FJ8,1
2FKK,1
2F18,1
2F1S,1
2F22,1
2F1B,1
2F1A,1
2EPL,1
2F2Q,1
2F46,1
2F3Y,1
2ERW,1
2ERF,1
2ERL,1
2ESQ,1
2ESK,1
2F4K,1
2FLH,1
2FLA,1
2FN9,1
2FN3,1
2FMA,1
2FNW,1
2FNT,1
2FOQ,1
2FOV,1
2FOU,1
2FOS,1
2FQ3,1
2FR5,1
2G2S,1
2FR3,1
2FS6,1
2G3R,1
2G3D,1
2FRK,1
2FRJ,1
2G3H,1
2FRG,1
2FRF,1
2FT7,1
2FT6,1
2FST,1
2FSQ,1
2BAX,1
2BB9,1
1NKD,1
1NKI,1
1NKO,1
1NLU,1
1NLS,1
1NNF,1
1O0H,1
1NOF,1
1O0O,1
1NNX,1
1O08,1
1O06,1
1O04,1
1O03,1
1NPI,1
1O1H,1
1NOT,1
1NQJ,1
1O2D,1
1O2R,1
1O33,1
1O2P,1
1O3L,1
1O3K,1
1O3J,1
1O2Y,1
1O2X,1
1O2W,1
1O38,1
1O37,1
1O2U,1
1O35,1
1O3D,1
1O4Y,1
1NTE,1
1NUW,1
1VWH,1
1VWG,1
1W8F,1
1VWL,1
1VWK,1
1VWJ,1
1W7R,1
1W7Q,1
1W9M,1
1W8U,1
1W8T,1
1VYK,1
1VYR,1
1VYP,1
1VYO,1
1VZI,1
1VZM,1
1WB6,1
1WB5,1
1WB4,1
1WC2,1
1WBI,1
1WBE,1
1WCW,1
1WCK,1
1WCG,1
1WDR,1
1WDQ,1
1WDP,1
1WDD,1
1WEI,1
1WL8,1
1WKR,1
1WKQ,1
1WLY,1
1WMD,1
1WMA,1
1WLU,1
1WM3,1
1WMS,1
1WN2,1
1X1Z,1
1X2I,1
1WPN,1
1X1K,1
1X1R,1
1WRI,1
1WQW,1
1WR5,1
1X3S,1
1WTM,1
1X54,1
1R0M,1
1QNR,1
1R0R,1
1QOP,1
1QOW,1
1QQF,1
1R2M,1
1R26,1
1QQ4,1
1R29,1
1QRE,1
1R2Q,1
1R50,1
1PW1,1
1Q6Z,1
1PWM,1
1PWL,1
1Q92,1
1PW8,1
1PWG,1
1PWD,1
1PWC,1
1PWB,1
1PWA,1
1PZ7,1
1PZ4,1
1PZP,1
1PZK,1
1PYZ,1
1PZJ,1
1QAU,1
1QBZ,1
1QD8,1
1QDD,1
1QFV,1
1QFM,1
1QFI,1
1QFT,1
1QGV,1
1QH5,1
1QH4,1
1QJF,1
1QJE,1
1QIO,1
1QJ4,1
1QKD,1
1QK8,1
1QL3,1
1QL0,1
1QKS,1
1QLQ,1
1QLW,1
1QNJ,1
1JGM,1
1JG1,1
1JHG,1
1JIG,1
1JI7,1
1JL1,1
1JK3,1
1JM1,1
1JKV,1
1JL7,1
1JL6,1
1JLT,1
1JNI,1
1JO0,1
1JND,1
1K0M,1
1JOH,1
1JO8,1
1K1T,1
1JR0,1
1K2A,1
1K3I,1
1K4P,1
1K4O,1
1K55,1
1K3Y,1
1K4I,1
1JSF,1
1JSE,1
1JU2,1
1K5N,1
1K5C,1
1KCD,1
1KCC,1
1KF3,1
1KF2,1
1KF8,1
1KF7,1
1KF5,1
1KF4,1
1KGD,1
1KG2,1
1KG5,1
1KJL,1
1KKO,1
1KJV,1
1KJQ,1
1KNG,1
1KNM,1
1KNL,1
1KMV,1
1KMT,1
1KMS,1
1KOI,1
1L0I,1
1KQ6,1
1KOU,1
1KR4,1
1KQR,1
1KQP,1
1L3K,1
1KS8,1
1K6U,1
1JUB,1
1K6A,1
1K6F,1
1JW8,1
1K7C,1
1K7J,1
1K8U,1
1K96,1
1JWR,1
1JXU,1
1JXT,1
1JY2,1
1JXY,1
1JXX,1
1JXW,1
1JZG,1
1KA1,1
1KB0,1
1KQW,1
1KT7,1
1KT6,1
1KT5,1
1KT4,1
1KT3,1
1KTN,1
1KTH,1
1L6R,1
1KV0,1
1KUK,1
1KV7,1
1KUG,1
1KUF,1
1KW3,1
1L7M,1
1KW6,1
1KWF,1
1KY3,1
1L9L,1
1KYS,1
1KYP,1
1KYF,1
1KYC,1
1KZK,1
1LB3,1
1LC5,1
1LC0,1
1LF7,1
1LJN,1
1LKK,1
1LJU,1
1LK2,1
1LLF,1
1LKS,1
1LM4,1
1LLR,1
1LNI,1
1LOK,1
1M0K,1
1M0M,1
1M0L,1
1M1F,1
1M24,1
1M1R,1
1M1Q,1
1M22,1
1M1N,1
1M15,1
1SGP,1
1SI6,1
1SI1,1
1SHO,1
1SI0,1
1SIX,1
1SJY,1
1SKG,1
1SJM,1
1SJW,1
1SL9,1
1SSH,1
1T3R,1
1T41,1
1T3Y,1
1T5B,1
1T5K,1
1SSX,1
1ST3,1
1SUF,1
1T6F,1
1SV3,1
1SU8,1
1T68,1
1SU7,1
256B,1
1T7I,1
1T7H,1
1SVF,1
1T7E,1
1T7R,1
1SVN,1
1T6U,1
1T8K,1
1SX2,1
1SXK,1
1SXU,1
1SY3,1
1SY2,1
1SY1,1
1SY0,1
1SWZ,1
1T8Z,1
1SWY,1
1SX7,1
1SWU,1
1SXY,1
1SXX,1
1SXW,1
1SXV,1
1TC1,1
1TBF,1
1TF9,1
1TF8,1
1TG1,1
1TG0,1
1SMO,1
1SMM,1
1SN9,1
1SMW,1
1SMU,1
1SN4,1
1SOA,1
1SNR,1
1SO7,1
1T1E,1
1T1I,1
1T1G,1
1T2D,1
1SQN,1
1T2I,1
1T2H,1
1SQ2,1
1SR7,1
1SQZ,1
1TH6,1
1TGR,1
1THF,1
1THM,1
1TJ9,1
1TJY,1
1TJX,1
1TKF,1
1TKE,1
1TJM,1
1TJK,1
1TK4,1
1TKY,1
1TKJ,1
1TKH,1
1TM5,1
1TMM,1
1TMJ,1
1TO2,1
1U07,1
1U06,1
1U0X,1
1U2H,1
1TQG,1
1TPP,1
1U1W,1
1TQS,1
1TQW,1
1U4G,1
1U3W,1
1TT8,1
1TUK,1
1TU9,1
1U7I,1
1U7G,1
1U7R,1
1TVN,1
1TW7,1
1U7S,1
1U9C,1
1TZV,1
1TZP,1
1TZC,1
1TZB,1
1UB3,1
1UAY,1
1V8H,1
1UWC,1
1UWP,1
1UWN,1
1UWK,1
1V7T,1
1V7S,1
1V7R,1
1UAI,1
1UBU,1
1UBT,1
1UBR,1
1UBO,1
1UBM,1
1UBL,1
1UBK,1
1UBJ,1
1UBH,1
1UCS,1
1UCR,1
1UCD,1
1UCA,1
1UFY,1
1UG6,1
1UGU,1
1UKF,1
1UJP,1
1UKU,1
1ULR,1
1ET1,1
1F4P,1
1EU5,1
1EU1,1
1ETN,1
1ETM,1
1ETL,1
1EUW,1
1F86,1
1EW4,1
1F7D,1
1EW0,1
1F98,1
1F94,1
1F8E,1
1F8D,1
1F8N,1
1F9V,1
1F9I,1
1EXR,1
1EZG,1
1FAZ,1
1FD3,1
1FD0,1
1FCZ,1
1FCY,1
1FCX,1
1FK5,1
1FLM,1
1FM0,1
1FN8,1
1FO8,1
1FP2,1
1FYE,1
1GA1,1
1GA6,1
1GA4,1
1GCI,1
1GCU,1
1GDU,1
1GDQ,1
1GDN,1
1GG6,1
1GHG,1
1GI2,1
1GI1,1
1GI0,1
1GI6,1
1GI4,1
1GI3,1
1GHZ,1
1GJN,1
1GKL,1
1GKF,1
1GKP,1
1GKM,1
1GK9,1
1GK8,1
1GK7,1
1G2R,1
1G33,1
1G2Z,1
1G2Y,1
1G39,1
1G2B,1
1FS3,1
1G3P,1
1G57,1
1G4I,1
1FSG,1
1G67,1
1G66,1
1G61,1
1G5A,1
1G6U,1
1FUS,1
1G6X,1
1G6C,1
1FW9,1
1G8A,1
1G7B,1
1G7A,1
1G8T,1
1FX2,1
1G9W,1
1FY5,1
1FY4,1
1FY2,1
1GM7,1
1GNL,1
1GO6,1
1GNT,1
1GMX,1
1H11,1
1GP0,1
1H10,1
1GOK,1
1GOI,1
1H13,1
1H12,1
1GPP,1
1GQ1,1
1H1N,1
1H1X,1
1GPI,1
1H2R,1
1H2X,1
1H2W,1
1GQV,1
1H2J,1
1GQI,1
1GT9,1
1H4X,1
1H4A,1
1H4G,1
1GU2,1
1H61,1
1H5V,1
1GV9,1
1GVW,1
1GVV,1
1GVU,1
1GVT,1
1GVS,1
1GVR,1
2BCH,1
2BCG,1
2BCM,1
2BBR,1
2BFI,1
2BFF,1
2BF9,1
2BF6,1
2BFD,1
2BHU,1
2BHQ,1
2BHZ,1
2BIG,1
2BIE,1
2BJK,1
2BK9,1
2BJS,1
2BJI,1
2BJD,1
2BKX,1
2BLR,1
2BLQ,1
2BLP,1
2BLO,1
2BLN,1
2BLZ,1
2BLY,1
2BLX,1
2BLW,1
2BLV,1
2BLU,1
2BN3,1
2BN1,1
2BMO,1
2BNU,1
2C04,1
2C03,1
2C01,1
2BO0,1
2C15,1
2C0R,1
2BOQ,1
2BOE,1
2C0C,1
2BOI,1
2BOG,1
2C1V,1
2BPU,1
2C1I,1
2C2U,1
2C2S,1
2BRY,1
2C3V,1
2C4B,1
2BRF,1
2BT9,1
2C5A,1
2C4J,1
2BSC,1
2BU9,1
2BU3,1
2C60,1
2C6Z,1
2C78,1
2BV4,1
2C71,1
2BWF,1
2BWD,1
2BW5,1
2BVS,1
2BW4,1
2BVR,1
2D1T,1
2D1S,1
2CS7,1
2D3H,1
2D3F,1
2D4I,1
2D4K,1
2D4J,1
2D5Z,1
2D5X,1
2D5W,1
2BVP,1
2BWI,1
2BWQ,1
2BY9,1
2BYA,1
2C9J,1
2BY8,1
2BY7,1
2C9V,1
2BY6,1
2C9U,1
2BY5,1
2C9S,1
2BZZ,1
2BZV,1
2CAL,1
2CAK,1
2CB8,1
2CAR,1
2CC6,1
2CE2,1
2CE1,1
2CE0,1
2CCW,1
2CCV,1
2CF8,1
2CGI,1
2CG7,1
2CHH,1
2CI1,1
2CIW,1
2CIT,1
2CIP,1
2CIA,1
2CJT,1
2CIZ,1
2CL2,1
2CKK,1
2CL7,1
2CL6,1
2CM5,1
2CLD,1
2CLC,1
2CN0,1
2CNQ,1
2D02,1
2D01,1
2CNU,1
2COV,1
2D6B,1
2CTC,1
2D5M,1
2CVD,1
2CUO,1
2D8D,1
2CWS,1
2CYG,1
2CXN,1
2CXV,1
2CZ2,1
2CZ1,1
2CZQ,1
2DCF,1
2DCT,1
2DCY,1
2DDX,1
2DE9,1
2DDR,1
2DEA,1
2DF6,1
2DFC,1
2DFB,1
1YS1,1
1Z41,1
1Z3N,1
1Z44,1
1Z53,1
1YT4,1
1Z5R,1
1YU8,1
1Z67,1
1YU5,1
1Z72,1
1Z70,1
1Z6M,1
1YUZ,1
1YWD,1
1YWC,1
1YWB,1
1YWA,1
1Z8A,1
1Z89,1
1YXL,1
1YYD,1
1ZIR,1
1ZIZ,1
1ZIE,1
1ZK5,1
1ZK4,1
1ZJZ,1
1ZJY,1
1ZLB,1
1ZL0,1
1ZKK,1
1ZMA,1
1ZLM,1
1ZMK,1
1ZMI,1
1ZNI,1
1ZO4,1
1ZQ5,1
1ZUA,1
1ZU3,1
1ZVG,1
1ZUY,1
1ZV9,1
1ZUU,1
1ZWP,1
1ZZK,1
1ZYW,1
2A13,1
2A28,1
2A26,1
2A2A,1
2A1E,1
2A2R,1
2A31,1
2A49,1
2A3U,1
2A3F,1
2A3N,1
2A4X,1
2A54,1
2A53,1
2A50,1
2A6Z,1
2A6Y,1
2A70,1
2A8F,1
2A83,1
2A8Y,1
2A9Z,1
2A9Y,1
2AB0,1
2ABB,1
2ABA,1
2ACF,1
2ACP,1
2ABS,1
2ADO,1
2ALL,1
2AMS,1
2ANV,1
2B06,1
2ANY,1
2ANX,1
2AOG,1
2AOF,1
2AOD,1
2AOC,1
2B0A,1
2AOI,1
2AOH,1
2AQD,1
2AQP,1
2AQN,1
2AS6,1
2AS4,1
2ASC,1
2B3H,1
2AS3,1
2AS2,1
2B3P,1
2ARM,1
2AT8,1
2AT6,1
2AT5,1
2AT3,1
2AT0,1
2AU9,1
2B69,1
2AU7,1
2AU6,1
2AUU,1
2AVM,1
2AVS,1
2AVQ,1
2B82,1
2AW1,1
2AVO,1
2AWK,1
2B97,1
2AXI,1
2AXW,1
2AYW,1
2AEB,1
2AH0,1
2AGL,1
2AGK,1
2AGI,1
2AGW,1
2AGT,1
2AH4,1
2AH1,1
2AFY,1
2AGG,1
2AGE,1
2AHN,1
2AGY,1
2AIB,1
2AKZ,1
2AKF,1
1XAW,1
1XBU,1
1XBI,1
1XD3,1
1XDN,1
1XF6,1
1XEO,1
1XG0,1
1XH3,1
1XGK,1
1XJU,1
1XLQ,1
1XMZ,1
1XNB,1
1XMK,1
1XMT,1
1XOD,1
1XOZ,1
1XPH,1
1Y0M,1
1Y2B,1
1Y20,1
1WUA,1
1WUK,1
1WUJ,1
1WUI,1
1X6I,1
1WUH,1
1WU6,1
1WU4,1
1WTN,1
1WVF,1
1X6Z,1
1X6X,1
1X8P,1
1X8O,1
1X8N,1
1WVQ,1
1X7Q,1
1X9I,1
1X9D,1
1WXC,1
1X99,1
1X98,1
1X97,1
1X96,1
1X8Q,1
1WY3,1
1WZD,1
1WYX,1
1XQO,1
1Y2K,1
1Y43,1
1Y5A,1
1Y53,1
1XSO,1
1XSZ,1
1Y59,1
1XT5,1
1Y55,1
1XUB,1
1XVM,1
1Y6X,1
1Y8A,1
1XVO,1
1XY1,1
1XWT,1
1Y93,1
1Y9U,1
1XY2,1
1Y9Z,1
1XYZ,1
1YBK,1
1YC5,1
1YCC,1
1YE8,1
1YFQ,1
1YG9,1
1YGE,1
1YIW,1
1YJ1,1
1YII,1
1YK4,1
1YJF,1
1YJO,1
1YLZ,1
1YLY,1
1YLT,1
1YLJ,1
1YLP,1
1YM1,1
1YMT,1
1YN3,1
1YMN,1
1YNV,1
1ZD8,1
1ZBZ,1
1ZBY,1
1ZCE,1
1ZDY,1
1ZGT,1
1ZGO,1
1ZGX,1
1ZGK,1
1ZI8,1
1YNQ,1
1YNP,1
1YNO,1
1Z0W,1
1Z0N,1
1Z0J,1
1YPH,1
1Z1S,1
1YPQ,1
1Z21,1
1YRI,1
1YRF,1
1YRC,1
1Z2P,1
1Z2O,1
1Z2N,1
1Z2U,1
1YQS,1
1O5X,1
1O6G,1
1O7N,1
1O7J,1
1O7I,1
1O7Q,1
1O82,1
1NUY,1
1O8X,1
1NWW,1
1O98,1
1O8S,1
1O8B,1
1O9R,1
1NXM,1
1NXB,1
1NWZ,1
1O9I,1
1NZ0,1
1NYM,1
1NYC,1
1NYK,1
1OAA,1
1OA0,1
1OB7,1
1OB6,1
1OB4,1
1OAI,1
1OAF,1
1OBX,1
1OC7,1
1OBD,1
1OBO,1
1OBN,1
1OD8,1
1OKI,1
1OJR,1
1OK0,1
1OLR,1
1ONG,1
1ONH,1
1OOH,1
1OOG,1
1OOF,1
1OOT,1
1P2J,1
1OQQ,1
1P1X,1
1P1V,1
1OQV,1
1P36,1
1OS6,1
1P4C,1
1OTI,1
1P5F,1
1OT9,1
1OT6,1
1OTE,1
1OTD,1
1OTB,1
1P5B,1
1OTA,1
1OUS,1
1OUR,1
1P6O,1
1P7W,1
1P7V,1
1OVP,1
1OUW,1
1OX0,1
1OX7,1
1OCJ,1
1OD3,1
1OCQ,1
1OD1,1
1OCN,1
1ODZ,1
1ODV,1
1ODM,1
1OE3,1
1OE2,1
1OE1,1
1OEX,1
1OEW,1
1OGA,1
1OH0,1
1OGW,1
1OGT,1
1OH4,1
1OI7,1
1OI6,1
1OJJ,1
1OXX,1
1P9I,1
1P9G,1
1OXE,1
1OXD,1
1OXC,1
1OZU,1
1PA7,1
1PA2,1
1PB8,1
1PB7,1
1PBJ,1
1PFB,1
1PEN,1
1PID,1
1PI5,1
1PI4,1
1PI3,1
1PIN,1
1PKH,1
1PJX,1
1PLC,1
1PL4,1
1PKO,1
1PMH,1
1PM1,1
1Q0E,1
1PP0,1
1Q0N,1
1PO7,1
1Q0R,1
1PQH,1
1Q2Q,1
1PQ8,1
1PQ7,1
1PPT,1
1PQ5,1
1PQA,1
1PPZ,1
1Q35,1
1Q4E,1
1PSR,1
1Q4B,1
1Q4A,1
1Q5M,1
1Q6O,1
1Q5Y,1
1PTX,1
1Q7L,1
1MFM,1
1MH1,1
1MGO,1
1MJ5,1
1MJ4,1
1MKK,1
1MJU,1
1MK5,1
1MJN,1
1ML7,1
1MN8,1
1N13,1
1N0Q,1
1LQK,1
1M2K,1
1LQU,1
1LQT,1
1LQP,1
1LQ9,1
1M2D,1
1M2B,1
1LRI,1
1LS1,1
1M40,1
1M4L,1
1M55,1
1LS9,1
1LU0,1
1LU4,1
1M5E,1
1M5A,1
1LUQ,1
1M70,1
1LTZ,1
1LUG,1
1LW9,1
1M6Z,1
1M7G,1
1LWB,1
1LY0,1
1LXZ,1
1M9Z,1
1LYV,1
1LZL,1
1LZK,1
1LZJ,1
1LZI,1
1MBD,1
1MB3,1
1MC2,1
1MD2,1
1ME4,1
1ME3,1
1MFG,1
1MEX,1
1MF7,1
1MOO,1
1MNZ,1
1N1P,1
1MPL,1
1MQK,1
1MQI,1
1MQO,1
1N1X,1
1MQD,1
1N3L,1
1MRO,1
1N40,1
1MSI,1
1N4V,1
1N4U,1
1N55,1
1MSO,1
1N60,1
1N63,1
1N62,1
1N61,1
1N4W,1
1MUN,1
1N6X,1
1MUW,1
1N82,1
1N7S,1
1MUY,1
1N6Y,1
1MWQ,1
1N92,1
1N8K,1
1N8V,1
1MXR,1
1MY7,1
1MXT,1
1N9B,1
1MZY,1
1NAZ,1
1NCW,1
1NEY,1
1NG6,1
1NH0,1
1QRW,1
1QTS,1
1QTN,1
1QT9,1
1R6J,1
1QV1,1
1QV0,1
1R5Y,1
1QU9,1
1QTW,1
1R66,1
1R6D,1
1R7J,1
1R85,1
1R6X,1
1QWN,1
1QWH,1
1R8S,1
1QX2,1
1QX1,1
1QW9,1
1QWY,1
1QZ5,1
1R9Z,1
1QXY,1
1QYZ,1
1RA5,1
1RA0,1
1RB9,1
1RB0,1
1RAK,1
1RD9,1
1RCF,1
1RCQ,1
1RE9,1
1RDG,1
1RDQ,1
1RDP,1
1RF2,1
1RG8,1
1RGE,1
1RFK,1
1RGZ,1
1RGH,1
1RGG,1
1RGF,1
1RHS,1
1RJC,1
1RJU,1
1RK6,1
1RKQ,1
1RL0,1
1RL9,1
1RKU,1
1RMZ,1
1RMT,1
1RPG,1
1S0R,1
1S0Q,1
1S0P,1
1S2O,1
1S1P,1
1RPO,1
1S3C,1
1RRO,1
1RQW,1
1S2P,1
1RTQ,1
1RU2,1
1RU1,1
1S5N,1
1S5M,1
1RUK,1
1S6H,1
1RUP,1
1RUM,1
1RTZ,1
1RTT,1
1S5S,1
1S83,1
1RW1,1
1RUV,1
1RUT,1
1RWH,1
1RWF,1
1S8N,1
1RW9,1
1RWA,1
1RXJ,1
1S9U,1
1RWY,1
1RYO,1
1RYQ,1
1RYA,1
1SAU,1
1SBY,1
1SCW,1
1SDV,1
1SDU,1
1SDT,1
1SDE,1
1SF5,1
1SEH,1
1SEG,1
1SF3,1
1SEN,1
1SFH,1
1SFD,1
1SFS,1
1SG4,1
1V0H,1
1UNQ,1
1UNO,1
1V05,1
1UNR,1
1UPD,1
1V0N,1
1V0M,1
1V0L,1
1V0K,1
1UOZ,1
1UP9,1
1UOW,1
1V0W,1
1V0U,1
1UPQ,1
1UPX,1
1UQ5,1
1UR1,1
1V30,1
1V37,1
1USF,1
1V4F,1
1USE,1
1USC,1
1USM,1
1URS,1
1US0,1
1UTG,1
1UTO,1
1UTN,1
1V4P,1
1USO,1
1V6P,1
1V70,1
1UU6,1
1UU4,1
1UTQ,1
1UTP,1
1V7H,1
1V6Q,1
1UUY,1
1V9Q,1
1UWW,1
1UYL,1
1UZ3,1
1UXZ,1
1V9Y,1
1UZM,1
1UZK,1
1UYY,1
1UYX,1
1UZB,1
1UZW,1
1UZV,1
1VB0,1
1VBW,1
1VD6,1
1VE4,1
1VE1,1
1VDW,1
1VF8,1
1VEF,1
1VFY,1
1VH5,1
1VHU,1
1VIM,1
1VJU,1
1VK1,1
1VL9,1
1VLB,1
1VKK,1
1VLY,1
1VM9,1
1VMG,1
1VMF,1
1VMH,1
1W04,1
1W1H,1
1W1G,1
1W0N,1
1VP8,1
1W23,1
1W3L,1
1W3K,1
1W32,1
1W2P,1
1W2L,1
1VR7,1
1W3M,1
1VRZ,1
1W3X,1
1W3V,1
1W70,1
1W5U,1
1W66,1
1W5R,1
1W5Q,1
1W7C,1
1W6S,1
3OG2,1
3OHE,1
3OGV,1
3OGN,1
3OIG,1
3NOO,1
3O0P,1
3NOQ,1
3O0I,1
3NO7,1
3O1N,1
3O22,1
3O1F,1
3O1C,1
3NOV,1
3O18,1
3O2R,1
3O2T,1
3NQF,1
3NQG,1
3NQM,1
3NQA,1
3NQD,1
3NQE,1
3NQ6,1
3NPV,1
3NQ7,1
3NQ8,1
3O1X,1
3O1Z,1
3NS6,1
3O3U,1
3O46,1
3O4P,1
3NSO,1
3O4A,1
3O3X,1
3O49,1
3O3Y,1
3O5Q,1
3NU3,1
3O5R,1
3NU4,1
3NU5,1
3NU6,1
3O5L,1
3NU0,1
3O5O,1
3O5P,1
3NSZ,1
3O6W,1
3NUO,1
3NUF,1
3NTZ,1
3NUA,1
3NVS,1
3O89,1
3NVG,1
3O7B,1
3O8M,1
3NWP,1
3O8Q,1
3NWR,1
3NWB,1
3NXX,1
3O9Z,1
3NXO,1
3NXR,1
3NY4,1
3O9I,1
3NYQ,1
3NYR,1
3NYS,1
3NYT,1
3NYF,1
3NYG,1
3NYC,1
3NYD,1
3NYE,1
3NZL,1
3NZN,1
3NZB,1
3OAJ,1
3OBQ,1
3OBL,1
3ODD,1
3ODF,1
3OD9,1
3OCY,1
3OCZ,1
3OD3,1
3OCU,1
3OCJ,1
3OIU,1
3OJ7,1
3OIW,1
3OIM,1
3OK9,1
3OM0,1
3OL0,1
3OKU,1
3OKV,1
3ONB,1
3ONC,1
3OND,1
3ONE,1
3OMY,1
3P0K,1
3P0B,1
3ONU,1
3P1N,1
3OQ2,1
3OPH,1
3P17,1
3OOX,1
3OQP,1
3P34,1
3OQ6,1
3P3R,1
3ORS,1
3P3T,1
3ORU,1
3P3C,1
3P3E,1
3P2U,1
3OQY,1
3OT1,1
3OT3,1
3P4H,1
3P61,1
3P62,1
3P64,1
3P66,1
3P5L,1
3P60,1
3P5A,1
3P58,1
3P73,1
3P74,1
3OV5,1
3P6I,1
3P6J,1
3P6C,1
3P6D,1
3P6E,1
3P6F,1
3P6G,1
3P6H,1
3P5Z,1
3P84,1
3OVX,1
3P7Y,1
3P80,1
3P81,1
3P95,1
3P8G,1
3P8I,1
3P8J,1
3P9O,1
3OXP,1
3P9Q,1
3OXC,1
3OYV,1
3OYQ,1
3OZY,1
3OZS,1
3OZT,1
3PA1,1
3PA2,1
3PA3,1
3PBC,1
3PB6,1
3PAV,1
3PB7,1
3PB8,1
3PB9,1
3PB4,1
2XZI,1
2XZC,1
2YC3,1
2YD6,1
2YCD,1
2YE0,1
2YEX,1
2YEO,1
2YFO,1
2YFN,1
2YH5,1
2YGI,1
2YGJ,1
2YI7,1
2YHG,1
2YJB,1
2YIV,1
2YJ8,1
2YJ9,1
2YIM,1
2YJ2,1
2YK9,1
2YJC,1
2YLB,1
2YLC,1
2YLD,1
2YL7,1
2YKZ,1
2YL0,1
2YL1,1
2YL3,1
2YKE,1
2YKJ,1
2YLN,1
2YLG,1
2YLI,1
2YN1,1
2YNY,1
2YNZ,1
2Z19,1
2Z12,1
2Z18,1
2YOI,1
2YQB,1
2Z26,1
2YR5,1
2YR6,1
2Z4U,1
2Z51,1
2Z53,1
2Y8E,1
2XW9,1
2XW6,1
2Y88,1
2XXK,1
2Y9F,1
2XWV,1
2XZ2,1
2Z5W,1
2Z7K,1
2YVE,1
2Z6W,1
2Z79,1
2YV0,1
2Z72,1
2Z6S,1
2Z6T,1
2Z8A,1
2YXF,1
2Z8X,1
2Z8R,1
2Z98,1
2YZ1,1
2YYW,1
2YYX,1
2ZA7,1
2ZA8,1
2ZD8,1
2ZCM,1
2ZCC,1
2ZCF,1
2ZEW,1
2ZEX,1
2ZFF,1
2ZFD,1
2ZHJ,1
2ZHN,1
2ZIB,1
2ZJX,1
2ZK9,1
2ZL5,1
2ZL6,1
2ZL7,1
2ZMX,1
2ZMY,1
2ZMZ,1
2ZNR,1
2ZO6,1
2ZPB,1
2ZPE,1
2ZPF,1
2ZPG,1
2ZOW,1
2ZOU,1
2ZOH,1
2ZQA,1
2ZQC,1
2ZQD,1
2ZQ9,1
2ZQ2,1
2ZPT,1
2ZQ7,1
2ZQ8,1
2ZPI,1
2ZPM,1
3S9T,1
3RXW,1
3RY8,1
3S9X,1
3RY0,1
3RY1,1
3RX9,1
3S8X,1
3RYV,1
3RYY,1
3RYJ,1
3RZY,1
3RZN,1
3RYZ,1
3SAX,1
3SBM,1
3SBN,1
3SBB,1
3SBI,1
3SD6,1
3SD2,1
3SCE,1
3SEB,1
3SED,1
3SDH,1
3SF0,1
3SEE,1
3SG0,1
3SFJ,1
3SFM,1
3SGZ,1
3SGP,1
3SH6,1
3SGG,1
3SID,1
3SIG,1
3SHX,1
3SI4,1
3SHL,1
3SIY,1
3SIZ,1
3SJ3,1
3SII,1
3SIL,1
3SK2,1
3T0H,1
3SOJ,1
3SO6,1
3SPK,1
3T10,1
3SOV,1
3SP7,1
3T0V,1
3SR1,1
3T2C,1
3T2D,1
3SPV,1
3T3K,1
3T3L,1
3SS0,1
3T42,1
3SQZ,1
3SR3,1
3T2X,1
3SSK,1
3SSL,1
3ST0,1
3SSH,1
3SSJ,1
3T3T,1
3T47,1
3T49,1
3SRY,1
3SU0,1
3SU1,1
3SU2,1
3SU3,1
3T5F,1
3SST,1
3ST5,1
3SV2,1
3T74,1
3T6F,1
3T6I,1
3SUJ,1
3SUK,1
3T6L,1
3T65,1
3SU6,1
3T7P,1
3T7Q,1
3T7L,1
3SVB,1
3SVC,1
3SVE,1
3SV6,1
3SWO,1
3SX3,1
3T94,1
3SX5,1
3SX7,1
3T8H,1
3T8N,1
3T8D,1
3T8F,1
3T87,1
3T7X,1
3SY1,1
3SY5,1
3SXH,1
3SY0,1
3SXB,1
3SXE,1
3SX8,1
3SXX,1
3SZU,1
3SZV,1
3SZY,1
3SZJ,1
3SZH,1
3SZI,1
3SZA,1
3TA6,1
3TA7,1
3TB4,1
3TAK,1
3TAO,1
3TC5,1
3TC8,1
3TBN,1
3TCT,1
3TE4,1
3TDN,1
3TEU,1
3TEW,1
3TEM,1
3TGA,1
3TGB,1
3TGC,1
3TG0,1
3TG2,1
3TH9,1
3TGP,1
3TIO,1
3TKD,1
3TKG,1
3TK2,1
3TJW,1
3TJM,1
3TLC,1
3TLE,1
3TLG,1
3TLA,1
3TL9,1
3TME,1
3TM8,1
3TLL,1
3TNL,1
3TOF,1
3U0F,1
3TOG,1
3TOH,1
3U0L,1
3TOD,1
3U01,1
3TPK,1
3TOW,1
3U2C,1
2WKJ,1
2WLQ,1
2WLR,1
2WLT,1
2WLV,1
2WNF,1
2X02,1
2X04,1
2WNV,1
2WNX,1
2WNP,1
2WP3,1
2X18,1
2WOL,1
2WQF,1
2X2A,1
2WQ4,1
2X25,1
2WPZ,1
2WQ0,1
2X1O,1
2WQ1,1
2X1P,1
2WQ2,1
2X1Q,1
2WQ3,1
2WRA,1
2X2O,1
2X2P,1
2X4K,1
2WSB,1
2X46,1
2X3M,1
2X45,1
2X5L,1
2X5N,1
2WSN,1
2WSO,1
2WUJ,1
2X5X,1
2X5Y,1
2X5O,1
2WTS,1
2X7K,1
2X6X,1
2X6Y,1
2WUR,1
2WUU,1
2X76,1
2X6W,1
2WWE,1
2WW6,1
2WW7,1
2X9N,1
2X9G,1
2WWZ,1
2WX9,1
2WY4,1
2X9V,1
2X9Z,1
2WZB,1
2WYT,1
2WZX,1
2XA5,1
2XBN,1
2XBP,1
2XBR,1
2XBS,1
2XDW,1
2XDE,1
2XFY,1
2XFR,1
2XG3,1
2XFD,1
2XFF,1
2XGI,1
2XGB,1
2XI8,1
2XHF,1
2XIV,1
2XIO,1
2XJ3,1
2XJT,1
2XJP,1
2XJQ,1
2XJR,1
2XJS,1
2XJH,1
2XJI,1
2XJK,1
2XLD,1
2XLE,1
2XL6,1
2XL8,1
2XKN,1
2XKI,1
2XLV,1
2XLW,1
2XLO,1
2XM0,1
2XM4,1
2XLH,1
2XLM,1
2XN6,1
2XN7,1
2XMJ,1
2XMK,1
2XOD,1
2XOE,1
2XNQ,1
2XPC,1
2Y0T,1
2XOL,1
2XOM,1
2XON,1
2Y0O,1
2Y24,1
2XPV,1
2XPW,1
2Y1O,1
2Y3E,1
2Y3F,1
2Y3C,1
2XR5,1
2XR6,1
2Y39,1
2XQO,1
2XQQ,1
2XRW,1
2Y5F,1
2Y5G,1
2Y5H,1
2Y5M,1
2Y5A,1
2Y5D,1
2XT1,1
2Y53,1
2Y6G,1
2Y6H,1
2Y6K,1
2Y6L,1
2Y6N,1
2Y68,1
2Y60,1
2XU1,1
2Y5P,1
2Y61,1
2Y62,1
2XU3,1
2XTS,1
2XU4,1
2Y64,1
2XTT,1
2Y66,1
2Y7L,1
2XVM,1
2Y7E,1
2Y7G,1
2Y78,1
2Y72,1
2XWK,1
2Y8K,1
2XWL,1
2XX0,1
4B5N,1
4B7H,1
4AV5,1
4AUM,1
4AWE,1
4AVR,1
4AVS,1
4AW7,1
4AW0,1
4B9C,1
4B9E,1
4B9F,1
4B9G,1
4B9A,1
4AWS,1
4AWT,1
4B97,1
4B8X,1
4AX1,1
4AXT,1
4AXU,1
4AXY,1
4AXO,1
4B9P,1
4AXQ,1
4AXR,1
4AZ6,1
4AYO,1
4AYP,1
4AYQ,1
4AYR,1
4BAL,1
4BAP,1
4BAR,1
4BB3,1
4BAD,1
4BA6,1
4BAT,1
4BB9,1
4BAZ,1
4BD0,1
4BCT,1
4BCY,1
4BF1,1
4BF5,1
4BEU,1
4BEG,1
4BFH,1
4BFN,1
4BFO,1
4BGU,1
4BGB,1
4BGC,1
4BI6,1
4BJ0,1
4BK7,1
4BJI,1
4BKD,1
4BM8,1
4BLX,1
4BLN,1
4BM1,1
4BM2,1
4BLI,1
4BLJ,1
4BLK,1
4BLL,1
4BN4,1
4BN6,1
4BMB,1
4C09,1
4C07,1
4C08,1
4BNB,1
4BOQ,1
4BOW,1
4C18,1
4C0X,1
4BOJ,1
4BPZ,1
4BPS,1
4BPY,1
4C1C,1
4C1D,1
4C1E,1
4BPF,1
4C1H,1
4BRC,1
4BR4,1
4C2V,1
4BR9,1
4BQN,1
4C4C,1
4C4D,1
4BS5,1
4C45,1
4BS6,1
4C3W,1
4BS0,1
4BRQ,1
4BRG,1
4C5C,1
4BTE,1
4BT7,1
4BT2,1
4BT3,1
4C4R,1
4BT5,1
4C6A,1
4C6C,1
4C6D,1
4C6E,1
4C6F,1
4C68,1
4BTZ,1
4C5J,1
4C5K,1
4C5M,1
4BUH,1
4C6I,1
4C6J,1
4C6K,1
4BVP,1
4BW1,1
4C7H,1
4C7I,1
4BVM,1
4BX5,1
4BWW,1
4BY8,1
4C9X,1
4BZ3,1
4BZP,1
4CAE,1
4CAY,1
4CD4,1
4CBU,1
4CDP,1
4CDA,1
4CD5,1
4CD8,1
4CDV,1
4CE8,1
4CG0,1
4CG1,1
4CFQ,1
4CG2,1
4CFR,1
4CFI,1
4CFL,1
4CGP,1
4CGS,1
4G1X,1
4FPS,1
4FPT,1
4FR9,1
4G2E,1
4G41,1
4G44,1
4FRU,1
4FRV,1
4FS7,1
4G47,1
4G3N,1
4FRA,1
4G3B,1
4FRC,1
4G4M,1
4FU5,1
4G5X,1
4FTF,1
4FUU,1
4G78,1
4G6C,1
4FWB,1
4G8B,1
4G8C,1
4G8D,1
4G7X,1
4FVN,1
4FVO,1
4G9E,1
4G95,1
4G9S,1
4G9G,1
4FXL,1
4FYO,1
4FZP,1
4FZL,1
4FZO,1
4GAI,1
4GA0,1
4GA1,1
4GA2,1
4GCJ,1
4GD0,1
4GCA,1
4GC3,1
4GC4,1
4GBU,1
4GE0,1
4GDA,1
4GCX,1
4GCR,1
4GE6,1
4GE8,1
4GG1,1
4GES,1
4GF6,1
4GEV,1
4GH0,1
4GH1,1
4GGC,1
4GG9,1
4GHO,1
4GIE,1
4GKC,1
4GJY,1
4GJZ,1
4GM4,1
4GM5,1
4GM0,1
4GM1,1
4GMU,1
4GMQ,1
4GNU,1
4H07,1
4GNW,1
4H48,1
4GRZ,1
4GRP,1
4GRR,1
4GS3,1
4H3U,1
4GRJ,1
4GRN,1
4GT9,1
4H4R,1
4GSV,1
4H4V,1
4H4I,1
4H4J,1
4H4N,1
4H4D,1
4GU2,1
4H5I,1
4GV1,1
4H6Q,1
4H6B,1
4GUC,1
4H6C,1
4H6E,1
4GWB,1
4H7W,1
4GVX,1
4H89,1
4GVO,1
4H7P,1
4GVQ,1
4H7R,1
4GVF,1
4GVH,1
4H9A,1
4H9B,1
4H9C,1
4H8X,1
4H8Y,1
4H8Z,1
4H8M,1
4H90,1
4H91,1
4H92,1
4H8R,1
4H93,1
4H94,1
4GWE,1
4H8E,1
4GWG,1
4GXV,1
4GY7,1
4GXW,1
4GXM,1
4H9E,1
4H9F,1
4H9H,1
4H9I,1
4GZC,1
4GYX,1
4GYQ,1
4GZG,1
4HAK,1
4HAL,1
4HA3,1
4HA4,1
4HCJ,1
4HBQ,1
4HBT,1
4HC5,1
4HBU,1
4HDB,1
4HDD,1
4HDE,1
4HDF,1
4HCS,1
4HCT,1
4HCU,1
4HCV,1
4HEG,1
4HE9,1
4HDP,1
3QC0,1
3QBF,1
3QDV,1
3QE8,1
3QDS,1
3QDT,1
3QF0,1
3QFS,1
3QFT,1
3QHB,1
3QHC,1
3QGZ,1
3QGJ,1
3QGO,1
3R56,1
3R59,1
3R72,1
3R6T,1
3R6D,1
3R6E,1
3R68,1
3R69,1
3QVP,1
3QVR,1
3R87,1
3QX5,1
3R96,1
3QXS,1
3QY5,1
3QXX,1
3QXJ,1
3QXC,1
3R9E,1
3R9F,1
3QXG,1
3R9G,1
3QXH,1
3QYZ,1
3QYK,1
3QXZ,1
3QZX,1
3QZL,1
3QZM,1
3QZR,1
3QZB,1
3RC6,1
3RDA,1
3RD9,1
3RCF,1
3RCG,1
3RCI,1
3RCK,1
3RDO,1
3RDK,1
3RFE,1
3RHB,1
3RJ5,1
3RJ6,1
3RJ7,1
3RKG,1
3RK4,1
3RL5,1
3RL3,1
3RL4,1
3RLU,1
3RLV,1
3RM0,1
3RM1,1
3RM2,1
3RM3,1
3RND,1
3RMO,1
3RN3,1
3S0K,1
3S0A,1
3ROB,1
3S0B,1
3S0D,1
3ROF,1
3RO8,1
3RO3,1
3RPC,1
3RPE,1
3S0Q,1
3S0T,1
3S2J,1
3S2L,1
3S2M,1
3S2N,1
3S1Y,1
3RPT,1
3SM8,1
3SLZ,1
3SNF,1
3SMV,1
3RQ9,1
3RS0,1
3S42,1
3S43,1
3S2R,1
3S4M,1
3S54,1
3S4E,1
3S44,1
3RU5,1
3S5E,1
3RTL,1
3RUN,1
3S71,1
3S74,1
3S6F,1
3S6E,1
3S66,1
3S69,1
3S7O,1
3RVQ,1
3S83,1
3RVK,1
3RVM,1
3S92,1
3S8S,1
3RWN,1
3RY2,1
3VYV,1
3VZ9,1
3WA2,1
3WA4,1
3WAR,1
3WCZ,1
3WCQ,1
3WDQ,1
3WDR,1
3WDN,1
3WDB,1
3WDC,1
3WDD,1
3WDE,1
3WDF,1
3WEO,1
3WG3,1
3WFT,1
3WFU,1
3WFG,1
3WHA,1
3WH7,1
3WGX,1
3WH1,1
3WH2,1
3WH3,1
3WGE,1
3WI9,1
3WJD,1
3WIW,1
3WIJ,1
3WJX,1
3WJZ,1
3WK0,1
3WK3,1
3WJG,1
3WKQ,1
3WL2,1
3WKG,1
3WLU,1
3WLI,1
3WNF,1
3WMY,1
3WMU,1
3WMV,1
3WN8,1
3WMK,1
3X0F,1
3X0I,1
3X0J,1
3WNY,1
3WNJ,1
3X00,1
3X1E,1
3X1F,1
3X1G,1
3WP4,1
3X0S,1
3WP5,1
3X0T,1
3WOU,1
3WP6,1
3X0K,1
3X0L,1
3X0M,1
3X0N,1
3X0O,1
3X0P,1
3X0Q,1
3X0R,1
3X2G,1
3X2H,1
3X2J,1
3X2K,1
3X2L,1
3WQB,1
3X25,1
3X26,1
3X1W,1
3X1X,1
3X1Y,1
3X1Z,1
3WQ0,1
3X20,1
3WQ1,1
3X24,1
3X2M,1
3X2N,1
3WR0,1
3X2O,1
3X2P,1
3X32,1
3X33,1
3X34,1
3X35,1
3WS7,1
3X3Y,1
3WRO,1
3WVM,1
3WVD,1
3WUZ,1
3WVA,1
3WUR,1
3WWL,1
3WWC,1
3WVS,1
3WW8,1
3WW9,1
3WXP,1
3WY2,1
3WX7,1
3WWX,1
3WYP,1
3WYQ,1
3WY6,1
3WZN,1
3WZP,1
3WZ6,1
3WZ8,1
3ZBD,1
3ZCL,1
3ZCG,1
3ZCC,1
3ZDV,1
3ZE9,1
3ZEK,1
3ZFP,1
3ZI4,1
3ZHN,1
3ZHO,1
3ZIZ,1
3ZJA,1
3ZIT,1
3ZIY,1
3ZIJ,1
3ZK9,1
3ZJP,1
3ZKU,1
3ZKY,1
3ZL2,1
3ZME,1
3ZM1,1
3ZMR,1
3ZN4,1
3ZNX,1
3ZNY,1
3ZNV,1
3ZP9,1
3ZOQ,1
3ZOJ,1
3ZOO,1
3ZPY,1
3ZQV,1
3ZQW,1
3ZR8,1
3ZQX,1
3ZQY,1
3ZSJ,1
3ZSK,1
3UVW,1
3V7X,1
3V9O,1
3UXJ,1
3V9J,1
3UY7,1
3VBD,1
3VCX,1
3VCN,1
3VE9,1
3VDF,1
3VFA,1
3VF3,1
3VF5,1
3VF7,1
3VEJ,1
3VG7,1
3VHA,1
3VHC,1
3VH9,1
3VGN,1
3VGI,1
3VHV,1
3VHF,1
3VHG,1
3VJD,1
3VIN,1
3VIO,1
3VIP,1
3VIF,1
3VIG,1
3VIH,1
3VII,1
3VIJ,1
3VIK,1
3VIL,1
3VIM,1
3VJQ,1
3VK5,1
3VLA,1
3VL9,1
3VKP,1
3VKS,1
3VKT,1
3VLX,1
3VM9,1
3VN3,1
3VMX,1
3VMY,1
3VMK,1
3VN0,1
3VOG,1
3W04,1
3W06,1
3W07,1
3VO2,1
3VPL,1
3W1A,1
3W1C,1
3W0T,1
3W19,1
3VOR,1
3VQF,1
3VQG,1
3VQJ,1
3W2J,1
3W27,1
3W28,1
3W1X,1
3W29,1
3W23,1
3W24,1
3W25,1
3VRK,1
3VRC,1
3W4O,1
3W40,1
3W41,1
3W42,1
3W43,1
3VTO,1
3VTG,1
3W5H,1
3W4P,1
3W4Q,1
3VSV,1
3VUP,1
3VUB,1
3W5S,1
3W80,1
3VVI,1
3W6Z,1
3VUR,1
3W75,1
3W6W,1
3W8M,1
3VWN,1
3W92,1
3VWD,1
3W8D,1
3W8E,1
3W8F,1
3VVV,1
3W87,1
3W88,1
3VW9,1
3W7Y,1
3W7Z,1
3VY5,1
3VXE,1
3VXJ,1
3VYP,1
3W9V,1
3W9W,1
4AFM,1
4AG1,1
4AFD,1
4AFF,1
4AGO,1
4AGQ,1
4AK8,1
4AJX,1
4AK2,1
4AL0,1
4ALZ,1
4AM1,1
4ALQ,1
4ALR,1
4ALS,1
4ALT,1
4ALC,1
4ALE,1
4ALF,1
4AMM,1
4ANN,1
4B15,1
4B0D,1
4AOH,1
4B0H,1
4B2B,1
4B2C,1
4B1Y,1
4B1M,1
3ZYQ,1
3ZY7,1
3ZZO,1
3ZZP,1
3ZZR,1
3ZZS,1
3ZZY,1
4A02,1
4A29,1
4A1Y,1
4A2V,1
4A2R,1
4A2S,1
4A48,1
4A3P,1
4A56,1
4A4J,1
4A6H,1
4A7D,1
4A7G,1
4A6R,1
4A6V,1
4A6W,1
4A6P,1
4A8I,1
4A7S,1
4A7T,1
4A85,1
4A7U,1
4A7V,1
4A87,1
4A7Q,1
4A8U,1
4A8V,1
4A8L,1
4A8N,1
4A8R,1
4A9V,1
4AAN,1
4AC1,1
4ABE,1
4ABF,1
4ABH,1
4ABJ,1
4ABL,1
4ABA,1
4ABB,1
4ABD,1
4AB9,1
4AAZ,1
4ACJ,1
4AE7,1
4AF8,1
4B3B,1
4AR5,1
4B35,1
4AR6,1
4AR7,1
4AQO,1
4B33,1
4B2I,1
4B4E,1
4ARU,1
4AS8,1
4B49,1
4B41,1
4ATE,1
4B50,1
4B4U,1
4B4I,1
4B4J,1
4ASL,1
4B6G,1
4B5Y,1
4B5O,1
4AU1,1
4B62,1
4ATT,1
5A6M,1
5A71,1
5A8K,1
5A8J,1
5A8C,1
5A7V,1
5A9G,1
5A95,1
5A92,1
5A91,1
5A9P,1
5AAP,1
5ABO,1
5AB9,1
5AD1,1
5AD3,1
5ACS,1
5ACH,1
5ACL,1
5ACK,1
5ACM,1
5ADU,1
5AE0,1
5AF2,1
5AF9,1
5AFY,1
5AEZ,1
5AGT,1
5AGS,1
5AH9,1
5AH8,1
5AGZ,1
5AH1,1
5AGR,1
5AGD,1
5AGF,1
5AGI,1
5AI3,1
5AHG,1
5AHA,1
5AIM,1
5AIF,1
5AIH,1
5AIG,1
5AII,1
5AK8,1
5AK7,1
5AJO,1
5AJG,1
5AL9,1
5AL0,1
5AKR,1
5AKT,1
5AKS,1
5AL6,1
4ZQX,1
4ZSD,1
4ZS9,1
4ZUM,1
4ZUN,1
4ZVE,1
4ZVF,1
4ZUO,1
4ZV0,1
4ZUP,1
4ZUQ,1
4ZV2,1
4ZUR,1
5BN2,1
5BN8,1
5BMN,1
5C04,1
5C0Z,1
5BP3,1
5BOW,1
5C17,1
5C0E,1
5C0G,1
5C0F,1
5C2B,1
5C1U,1
5C1L,1
5BPK,1
5C1G,1
5C3B,1
5C3A,1
5C3D,1
5C38,1
5BR4,1
5C33,1
5BQG,1
5BQF,1
5C2K,1
5C4C,1
5AMZ,1
5AN5,1
5AN7,1
5AMX,1
5AML,1
5AMH,1
5ANW,1
5B08,1
5ANV,1
5ANP,1
5AOT,1
5B15,1
5AOS,1
5AOV,1
5AOU,1
5AOZ,1
5AOK,1
5AOG,1
5B0G,1
5AOJ,1
5AQB,1
5APU,1
5B28,1
5B27,1
5B29,1
5AQ0,1
5B1N,1
5APS,1
5B1R,1
5B1K,1
5ARC,1
5ARB,1
5AR6,1
5AQE,1
5B42,1
5ARM,1
5B5F,1
5B4Z,1
5B51,1
5B4O,1
5B4T,1
5B4U,1
5B4H,1
5B4J,1
5B4I,1
5B5H,1
5B5J,1
5B5L,1
5B5O,1
5B7E,1
5AVD,1
5AVG,1
5B7G,1
5B7F,1
5AVH,1
5B7H,1
5AUR,1
5B6T,1
5AUS,1
5AV4,1
5B78,1
5AUL,1
5B8D,1
5B8F,1
5B7Y,1
5AVK,1
5AVJ,1
5AVN,1
5B7N,1
5B7Q,1
5B7P,1
5AWL,1
5AWO,1
5AWQ,1
5AXO,1
5AZ3,1
5AYT,1
5AZZ,1
5AZQ,1
5AZR,1
4NBT,1
4NBU,1
4NCY,1
4NCU,1
4NCV,1
4NCW,1
4NEB,1
4NDS,1
4NDT,1
4NDU,1
4NDV,1
4NDX,1
4NDO,1
4NFH,1
4NES,1
4NET,1
4NF1,1
4NGJ,1
4NG5,1
4NG8,1
4NFL,1
4NFN,1
4NFS,1
4NHI,1
4NGW,1
4NGY,1
4NIN,1
4NIB,1
4NHP,1
4NI3,1
4NI6,1
4NIW,1
4NIX,1
4NIO,1
4NIV,1
4NKP,1
4NKC,1
4NKE,1
4NLJ,1
4NLM,1
4NMO,1
4NN0,1
4NMP,1
4NMQ,1
4NN2,1
4NN3,1
4NNO,1
4NO4,1
4NMT,1
4NMU,1
4NMV,1
4NMW,1
4NOG,1
4NOA,1
4O0A,1
4O06,1
4NPO,1
4O1R,1
4NPF,1
4NPD,1
4NPE,1
4NOV,1
4NQR,1
4O36,1
4NR7,1
4O37,1
4NQG,1
4NS2,1
4NSV,1
4O4V,1
4NU3,1
4NU0,1
4O5O,1
4NSY,1
4O6S,1
4O74,1
4O6T,1
4O6U,1
4O6W,1
4O78,1
4O71,1
4O6Q,1
4O72,1
4NV3,1
4NUC,1
4NUD,1
4NUE,1
4NUH,1
4NUA,1
4NVL,1
4NVN,1
4NVD,1
4NVF,1
4NVH,1
4O7A,1
4NVB,1
4NX6,1
4NX7,1
4O8O,1
4O8H,1
4O8I,1
4NY7,1
4NXY,1
4NY6,1
4NYW,1
4NYX,1
4NYQ,1
4NYH,1
4NYN,1
4NZU,1
4NZK,1
4NZC,1
4OAD,1
4OAE,1
4OA3,1
4OBE,1
4OAN,1
4OB0,1
4OAT,1
4OD6,1
4OCV,1
4OCH,1
4ODK,1
4OF4,1
4OF9,1
4OEL,1
4OG4,1
4OG6,1
4OG2,1
4OHJ,1
4OHA,1
4OGL,1
4OGN,1
4OH0,1
4OHN,1
4OI3,1
4OI5,1
4OJG,1
4OJX,1
4OJV,1
4OLJ,1
4OLD,1
4OKP,1
4OMO,1
4OLR,1
4ONL,1
4ONM,1
4OOD,1
4P0C,1
4OO4,1
4OPO,1
4OQ0,1
4OPR,1
4OQ4,1
4P25,1
4OPC,1
4OP5,1
4P0T,1
4OOX,1
4OOY,1
4P0Y,1
4P0Z,1
4P36,1
4M0K,1
4LPQ,1
4M24,1
4M1V,1
4LPI,1
4LPJ,1
4LPL,1
4LOW,1
4M0W,1
4LP9,1
4LQT,1
4LR6,1
4LQJ,1
4M2P,1
4LQH,1
4M1X,1
4M1Y,1
4M3S,1
4M3K,1
4LRQ,1
4M4L,1
4M51,1
4LTT,1
4M5L,1
4M5M,1
4M5R,1
4M5S,1
4M5E,1
4M5G,1
4M5H,1
4M5I,1
4M5K,1
4LUV,1
4LV3,1
4M6E,1
4M6J,1
4LUK,1
4M6K,1
4LUC,1
4LW7,1
4M7X,1
4LVU,1
4M7G,1
4M91,1
4LWQ,1
4LWU,1
4M8U,1
4M8I,1
4LXX,1
4LXQ,1
4LXT,1
4LXU,1
4LY7,1
4M9K,1
4LXO,1
4LYX,1
4LYI,1
4LYP,1
4LYB,1
4LYC,1
4LYH,1
4LZT,1
4LZW,1
4MAG,1
4MBH,1
4MAX,1
4MB1,1
4MAQ,1
4MAS,1
4MB4,1
4MAI,1
4MAK,1
4MAM,1
4MBY,1
4MC6,1
4MC9,1
4MBK,1
4MC1,1
4MDG,1
4MF5,1
4MF6,1
4MHN,1
4MHF,1
4MIJ,1
4MHY,1
4MHP,1
4MI1,1
4NAX,1
4NAY,1
4NAZ,1
4NB3,1
4NAG,1
4NBP,1
4NBR,1
4MJC,1
4MJD,1
4MJE,1
4MIY,1
4MKK,1
4MKN,1
4MKG,1
4MJY,1
4MJX,1
4MLL,1
4ML5,1
4MKU,1
4MMM,1
4MLV,1
4MLW,1
4MNO,1
4N02,1
4N03,1
4MNS,1
4MNK,1
4MNC,1
4MN9,1
4N12,1
4N13,1
4N0K,1
4MNW,1
4MPR,1
4MQ3,1
4N1S,1
4N1V,1
4N1I,1
4N1M,1
4MPA,1
4MOV,1
4N19,1
4N2P,1
4N2R,1
4MQL,1
4MQM,1
4N30,1
4N3T,1
4MRB,1
4N3D,1
4MRH,1
4MSO,1
4N4B,1
4N4E,1
4MRY,1
4MU4,1
4MTU,1
4N5U,1
4N66,1
4MTW,1
4MU8,1
4MTY,1
4MTM,1
4N5M,1
4MU0,1
4N5P,1
4MU3,1
4MTC,1
4MTH,1
4MTB,1
4MUV,1
4N6X,1
4MUZ,1
4MUM,1
4N6P,1
4MUQ,1
4MV2,1
4N6K,1
4N7U,1
5DRF,1
5DRG,1
5DSM,1
5DSL,1
5DSO,1
5E50,1
5DSP,1
5DSR,1
5DSK,1
5E5V,1
5DTX,1
5E7B,1
5DUS,1
5E75,1
5E7W,1
5DW2,1
5DVI,1
5E7N,1
5E8X,1
5DWP,1
5E8S,1
5E93,1
5E95,1
5DWM,1
5DXX,1
5DXW,1
5E9N,1
5E9P,1
5DZE,1
5DZ6,1
5DZO,1
5EBH,1
5ED3,1
5ECA,1
5EDF,1
5EDC,1
5EDB,1
5ECT,1
5EEI,1
5EG4,1
5EH5,1
5EH7,1
5EG7,1
5EI4,1
5EHU,1
5EHT,1
5EHW,1
5EHV,1
5EHI,1
5EHM,1
5EHA,1
5EH9,1
5EH8,1
5EJ3,1
5EJ8,1
5EIP,1
5EL9,1
5EKW,1
5EKY,1
5EKM,1
5EL1,1
5EKH,1
5EKJ,1
5ELW,1
5EM0,1
5ELQ,1
5EM1,1
5EM3,1
5ELD,1
5ELB,1
5EMX,1
5EMY,1
5EN3,1
5EMG,1
5EMI,1
5EMB,1
5EMA,1
5F02,1
5ENU,1
5EO6,1
5ENG,1
5ENF,1
5ENA,1
5ENE,1
5EOP,1
5EOO,1
5EP2,1
5F14,1
5EP7,1
5EP6,1
5F16,1
5EQ9,1
5EPS,1
5EPU,1
5EQ8,1
5EQ7,1
5EQ0,1
5EPF,1
5F33,1
5ER5,1
5EQV,1
5EQA,1
5F2E,1
5F47,1
5ERJ,1
5F3M,1
5F5A,1
5ETB,1
5ESR,1
5F4C,1
5F6B,1
5F66,1
5F68,1
5F69,1
5ETM,1
5ETO,1
5F60,1
5ETN,1
5F5N,1
5F62,1
5ETP,1
5F61,1
5ETR,1
5F63,1
5ETD,1
5ETK,1
5EVA,1
5F6V,1
5EV9,1
5F6Y,1
4QOD,1
4QOE,1
4QOG,1
4RGY,1
4RH2,1
4RI5,1
4QNS,1
4QPN,1
4R1J,1
4QOS,1
4QP5,1
4R0U,1
4R0X,1
4QQP,1
4QR3,1
4QQS,1
4QR4,1
4QQH,1
4QPT,1
4R1V,1
4QPW,1
4QRN,1
4R3N,1
4QRS,1
4QRT,1
4R3F,1
4R3B,1
4QR5,1
4QR6,1
4R2X,1
4R4O,1
4QT2,1
4R4Q,1
4QT3,1
4R4R,1
4R4S,1
4R4T,1
4R4I,1
4QSB,1
4QSC,1
4R4C,1
4QSD,1
4QSE,1
4QRZ,1
4QU3,1
4R5R,1
4QTG,1
4QTA,1
4QTB,1
4QTC,1
4R6R,1
4QUS,1
4R75,1
4R78,1
4QUJ,1
4R6Y,1
4R8R,1
4QX4,1
4R8S,1
4QX5,1
4R8X,1
4R8H,1
4QY6,1
4QXV,1
4QY8,1
4QXX,1
4R9C,1
4R9D,1
4R9F,1
4QXI,1
4R9A,1
4R9B,1
4QYT,1
4QYN,1
4QYO,1
4QZS,1
4RAW,1
4RAX,1
4RAM,1
4RAH,1
4RBX,1
4RDB,1
4RDC,1
4RCZ,1
4RD4,1
4RDS,1
4RDL,1
4REO,1
4REI,1
4REK,1
4RGC,1
4RGD,1
4RFZ,1
4RFU,1
4TLJ,1
4TLK,1
4TL5,1
4TKU,1
4TM7,1
4TLS,1
4TN9,1
4RJ2,1
4RK5,1
4TO7,1
4RJZ,1
4TNS,1
4RK4,1
4U1J,1
4RLK,1
4U1M,1
4TPN,1
4TPO,1
4RLE,1
4RL0,1
4TQI,1
4RMH,1
4RMI,1
4U2L,1
4TQA,1
4TQ9,1
4TPY,1
4RLZ,1
4U1P,1
4U21,1
4U22,1
4YS1,1
4YTK,1
4YTA,1
4YTB,1
4Z50,1
4YSP,1
4YSR,1
4YST,1
4YUH,1
4YUI,1
4YUJ,1
4YUK,1
4YUL,1
4Z6M,1
4YUO,1
4Z6B,1
4YUC,1
4YUD,1
4YUG,1
4YTW,1
4YU0,1
4YU1,1
4Z65,1
4YTV,1
4Z7M,1
4YVO,1
4Z7P,1
4YVB,1
4Z6S,1
4Z6U,1
4Z6V,1
4Z8J,1
4YWP,1
4YX1,1
4YVY,1
4YWA,1
4YW6,1
4YW9,1
4YXO,1
4Z9H,1
4YXI,1
4Z93,1
4YX4,1
4YZ0,1
4YYR,1
4YYS,1
4YY4,1
4YXU,1
4YY6,1
4YZQ,1
4YZR,1
4YZA,1
4YYT,1
4YYU,1
4YYW,1
4YZU,1
4YZX,1
4YZZ,1
4ZA4,1
4ZA5,1
4ZA7,1
4ZA8,1
4ZA9,1
4ZAV,1
4ZAZ,1
4ZAM,1
4ZAR,1
4ZAA,1
4ZAB,1
4ZC9,1
4ZBO,1
4ZC3,1
4ZBD,1
4ZBG,1
4ZCN,1
4ZE5,1
4ZE6,1
4ZEA,1
4ZEF,1
4ZG3,1
4ZG8,1
4ZFM,1
4ZH5,1
4ZGU,1
4ZGW,1
4ZGF,1
4ZGG,1
4ZI4,1
4ZHW,1
4ZHB,1
4ZIP,1
4ZJU,1
4ZK8,1
4ZL8,1
4ZKN,1
4ZKO,1
4ZKR,1
4ZM7,1
4ZN5,1
4ZO2,1
4ZOT,1
4ZXE,1
4ZX2,1
4ZZ1,1
4ZZ2,1
4ZY9,1
4ZZN,1
4ZZ5,1
4ZZU,1
4ZZV,1
5A0Y,1
5A0L,1
5A10,1
5A0N,1
5A12,1
5A0P,1
5A0R,1
5A0E,1
5A27,1
5A28,1
5A1I,1
5A2M,1
5A4F,1
5A3Y,1
5A47,1
5A57,1
5A4I,1
5A5S,1
5A67,1
5A7G,1
5A7B,1
5A6Y,1
4X2I,1
4WQK,1
4WQD,1
4WQE,1
4WQ8,1
4WQ9,1
4X1Z,1
4WRI,1
4X3K,1
4X2R,1
4X33,1
4WS8,1
4WRX,1
4WRY,1
4WRZ,1
4WS1,1
4WS2,1
4WS3,1
4WS4,1
4WS5,1
4WRU,1
4WS6,1
4WRV,1
4WTP,1
4X5P,1
4WT2,1
4X54,1
4X6H,1
4WUI,1
4X5Q,1
4X5W,1
4X69,1
4WW1,1
4X7G,1
4X6T,1
4WX4,1
4WWD,1
4WWF,1
4WWH,1
4WWB,1
4X84,1
4WW6,1
4WVV,1
4X7V,1
4WVW,1
4WW8,1
4X7Y,1
4X7Z,1
4X9R,1
4WY4,1
4WXT,1
4X9T,1
4X9C,1
4WZ4,1
4WYD,1
4X9V,1
4WY9,1
4X9X,1
4X9Y,1
4Y5I,1
4Y5K,1
4XTL,1
4Y5L,1
4Y5M,1
4Y5N,1
4Y5A,1
4Y5B,1
4Y5C,1
4Y5D,1
4Y5E,1
4Y5G,1
4Y4W,1
4Y58,1
4Y59,1
4Y4Z,1
4Y50,1
4Y4T,1
4Y57,1
4Y5P,1
4Y63,1
4XTV,1
4WZK,1
4WZE,1
4WYY,1
4WYZ,1
4WZX,1
4XAW,1
4XAD,1
4XC4,1
4XBD,1
4XD2,1
4XCT,1
4XCV,1
4XCL,1
4XCF,1
4XDX,1
4XDZ,1
4XDQ,1
4XE2,1
4XDR,1
4XDT,1
4XDU,1
4XEZ,1
4XF4,1
4XET,1
4XF5,1
4XF9,1
4XEM,1
4XEO,1
4XF0,1
4XED,1
4XEH,1
4XFK,1
4XFO,1
4XFB,1
4XFC,1
4XFE,1
4XFF,1
4XFG,1
4XFH,1
4XFI,1
4XGY,1
4XHV,1
4XIJ,1
4XJJ,1
4XLA,1
4XLE,1
4XKW,1
4XMC,1
4XME,1
4XMH,1
4XM3,1
4XMY,1
4XMR,1
4XN6,1
5CSD,1
5D3U,1
5CTA,1
5CSV,1
5CT9,1
5CT8,1
5D51,1
5CT4,1
5D4H,1
5D6E,1
5CTW,1
5CTV,1
5D5Y,1
5CU9,1
5CTN,1
5CTU,1
5CU6,1
5D66,1
5CTM,1
5CVD,1
5CVG,1
5D7F,1
5D78,1
5CUR,1
5D77,1
5CWC,1
5CWH,1
5CWG,1
5D7X,1
5D82,1
5CW1,1
5D81,1
5D84,1
5CVW,1
5D7W,1
5D9E,1
5CXA,1
5D8V,1
5CXL,1
5CZG,1
5CZM,1
5DAE,1
5DAZ,1
5DCL,1
5DCH,1
5DC4,1
5DC8,1
5DE3,1
5DCU,1
5DCY,1
5DF5,1
5DEI,1
5DEJ,1
5DFS,1
5DFB,1
5DGU,1
5DGT,1
5DGJ,1
5DGD,1
5DHD,1
5DJT,1
5DK8,1
5DK1,1
5DJH,1
5DKX,1
5DL9,1
5DKM,1
5DLA,1
5DLD,1
5DMD,1
5DNU,1
5DP2,1
5E0R,1
5E13,1
5DOH,1
5E0J,1
5E0L,1
5E0G,1
5E0F,1
5DPZ,1
5E1Y,1
5E23,1
5DQ5,1
5DQ4,1
5E1X,1
5E1W,1
5E28,1
5E1K,1
5E1N,1
5DQ1,1
5E1P,1
5E21,1
5E1D,1
5DPF,1
5DPE,1
5DPH,1
5DR3,1
5DR8,1
5DR7,1
5DQY,1
5E2K,1
5DQM,1
5E2M,1
5DR0,1
5DR1,1
5DQB,1
5E2F,1
5E4A,1
5DRS,1
5F6M,1
5F6R,1
5F6E,1
5EUI,1
5F7V,1
5EW0,1
5F82,1
5F83,1
5F7G,1
5EWY,1
5EWO,1
5EX2,1
5F8S,1
5EWU,1
5FMI,1
5G01,1
5G03,1
5FO2,1
5FNE,1
5G18,1
5FOX,1
5FOS,1
5G0R,1
5FOT,1
5G0G,1
5G0C,1
5FPK,1
5G1A,1
5G2U,1
5G38,1
5G2V,1
5FQI,1
5FQA,1
5FQC,1
5G3Y,1
5FS5,1
5FS8,1
5G3A,1
5FRD,1
5FRC,1
5FTB,1
5FT3,1
5FST,1
5FSV,1
5FSJ,1
5G4M,1
5FSL,1
5G4O,1
5G4N,1
5G51,1
5FTZ,1
5FU2,1
5G5C,1
5FTG,1
5FTI,1
5EXN,1
5EYN,1
5FAH,1
5FAF,1
5FA8,1
5FBI,1
5FC1,1
5FBF,1
5FBE,1
5FAZ,1
5FC7,1
5FCR,1
5FF0,1
5FF2,1
5FEP,1
5FES,1
5FF4,1
5FF3,1
5FEB,1
5FFD,1
5FEW,1
5FEX,1
5FEZ,1
5FH2,1
5FH4,1
5FFV,1
5FG6,1
5FFX,1
5FI3,1
5FH7,1
5FJL,1
5FLW,1
5FLK,1
5FLE,1
4UUL,1
4UUM,1
4UU5,1
4UTU,1
4UW3,1
4UWT,1
4UWW,1
4UYP,1
4UZ1,1
4UYR,1
4UYS,1
4UYT,1
4UYD,1
4UZG,1
4WDC,1
4WES,1
4WF5,1
4WEV,1
4WEE,1
4WFV,1
4WFO,1
4WFI,1
4WGY,1
4WGZ,1
4WHW,1
4WHS,1
4WJE,1
4WIH,1
4WIL,1
4WKA,1
4WKB,1
4WKF,1
4WJX,1
4WK9,1
4WJO,1
4WJQ,1
4WJT,1
4WK7,1
4WJI,1
4WLH,1
4WL4,1
4WKH,1
4WNJ,1
4WN5,1
4WOH,1
4WNS,1
4X06,1
4X07,1
4X08,1
4WO0,1
4X00,1
4WPG,1
4WPK,1
4WPL,1
4WP9,1
4WP4,1
4X2F,1
3PGP,1
3PH2,1
3PID,1
3PIB,1
3PHN,1
3PIU,1
3PIW,1
3PKA,1
3PKB,1
3PKC,1
3PKD,1
3PLB,1
3PLD,1
3PKV,1
3PL8,1
3PL3,1
3PMJ,1
3PMO,1
3PMC,1
3PLW,1
3PLU,1
3PMY,1
3PMP,1
3PN3,1
3PMU,1
3POJ,1
3PP2,1
3POD,1
3PO6,1
3PPL,1
3Q1I,1
3POT,1
3PQH,1
3PPT,1
3Q27,1
3PRS,1
3Q3A,1
3Q38,1
3Q2X,1
3Q39,1
3Q4O,1
3PSM,1
3Q46,1
3Q3Y,1
3Q62,1
3Q5V,1
3PTL,1
3Q4W,1
3PSY,1
3Q6Q,1
3Q6R,1
3Q6V,1
3Q6L,1
3Q70,1
3PUC,1
3Q7X,1
3PVK,1
3PVE,1
3Q6Y,1
3PWR,1
3PWW,1
3PX8,1
3Q8J,1
3QIH,1
3QJA,1
3QIO,1
3QJX,1
3QL9,1
3QL1,1
3QL2,1
3QMA,1
3QM7,1
3QM8,1
3QM9,1
3QM5,1
3QM6,1
3QN8,1
3QMP,1
3QMR,1
3QMS,1
3QMT,1
3R0L,1
3QOM,1
3R0N,1
3QOO,1
3QP0,1
3R0F,1
3QNS,1
3QPC,1
3QPA,1
3R0V,1
3R2Q,1
3R40,1
3R41,1
3R3Q,1
3R3R,1
3R3S,1
3QR7,1
3R2V,1
3R54,1
3R4G,1
3QSD,1
3R3Y,1
3QU3,1
3QU5,1
3R5T,1
3PWM,1
3Q7Y,1
3PXL,1
3PZ9,1
3PYP,1
3PYK,1
3PZW,1
3PZZ,1
3PZG,1
3QAA,1
3QC5,1
3FTD,1
3G5F,1
3G5H,1
3FVA,1
3G6K,1
3FUC,1
3FWA,1
3FW9,1
3G7N,1
3FVP,1
3G7R,1
3FX5,1
3G91,1
3G8F,1
3FWH,1
3G8H,1
3FWK,1
3G9X,1
3FYN,1
3FZ4,1
3FYM,1
3FZW,1
3GAH,1
3GAI,1
3GAJ,1
3GA3,1
3GA4,1
3GBA,1
3GBW,1
3GC5,1
3GFA,1
3GHR,1
3GHS,1
3GHJ,1
3GHA,1
3GHC,1
3GJ0,1
3GHT,1
3GHU,1
3GHV,1
3GHW,1
3GIU,1
3GIW,1
3GIX,1
3GKV,1
3G1P,1
3G21,1
3FQ4,1
3G1S,1
3G1B,1
3FPC,1
3G2Y,1
3G32,1
3G34,1
3G35,1
3G36,1
3FS9,1
3G3P,1
3FS6,1
3G46,1
3G3G,1
3FRH,1
3G3I,1
3G3J,1
3G3K,1
3G3M,1
3G3F,1
3GKN,1
3GJY,1
3GMX,1
3GO5,1
3GNE,1
3GMZ,1
3GP6,1
3H0N,1
3H0O,1
3GP2,1
3GOE,1
3GOF,1
3GNZ,1
3H1X,1
3GQ1,1
3GPI,1
3H31,1
3GR3,1
3GRD,1
3H4X,1
3H4T,1
3H4I,1
3H4N,1
3H5Z,1
3H61,1
3H62,1
3H63,1
3GU4,1
3GU6,1
3H5J,1
3H5K,1
3H5B,1
3H74,1
3H6W,1
3GUI,1
3H7R,1
3H7U,1
3H87,1
3GVJ,1
3GVL,1
3GVE,1
3H9C,1
3H99,1
3GWK,1
3B7V,1
3B9G,1
3AXI,1
3AWZ,1
3B8Z,1
3AWS,1
3AWT,1
3AWU,1
3AWV,1
3AWW,1
3AWX,1
3AX0,1
3AYI,1
3AYJ,1
3B9W,1
3AZD,1
3AYX,1
3AYZ,1
3AYL,1
3AZ3,1
3BA1,1
3BBB,1
3BD1,1
3BCJ,1
3BC9,1
3BDF,1
3BDG,1
3BDI,1
3BER,1
3BEU,1
3BED,1
3BFO,1
3BFQ,1
3BF7,1
3BH4,1
3BHL,1
3BHY,1
3BJE,1
3BM7,1
3BLN,1
3BLL,1
3BLB,1
3BLD,1
3BMX,1
3BMZ,1
3C00,1
3BO6,1
3BNJ,1
3BNB,1
3BNE,1
3BOI,1
3BOJ,1
3BOK,1
3BOM,1
3BON,1
3BOO,1
3BOB,1
3BOE,1
3BOG,1
3C1U,1
3BPV,1
3C2U,1
3BR8,1
3BQX,1
3BQP,1
3C31,1
3C3Y,1
3BS2,1
3C5A,1
3BT5,1
3C6A,1
3BUB,1
3BU9,1
3BU1,1
3BVA,1
3BVB,1
3BUV,1
3C77,1
3BUW,1
3C78,1
3BUX,1
3C6X,1
3C6Y,1
3C6Z,1
3C70,1
3BUU,1
3C76,1
3BUI,1
3BWA,1
3C8B,1
3BVW,1
3BVX,1
3BVT,1
3BVU,1
3BVV,1
3BWY,1
3C8Y,1
3BWZ,1
3C8P,1
3BWH,1
3C8L,1
3C9Z,1
3BXQ,1
3BXU,1
3C9U,1
3BY8,1
3BZS,1
3BZY,1
3BZZ,1
3BZP,1
3BZQ,1
3CA6,1
3CBP,1
3CBE,1
3CAY,1
3CB9,1
3CD1,1
3CCD,1
3CBZ,1
3CBW,1
3CE1,1
3HZA,1
3HZC,1
3HZ8,1
3HYN,1
3HYD,1
3HYG,1
3HZP,1
3IA9,1
3IB4,1
3IB5,1
3IB0,1
3ICH,1
3IBU,1
3IBO,1
3ICV,1
3ID7,1
3IE4,1
3IHS,1
3IJJ,1
3IIS,1
3IIU,1
3IJ8,1
3IIX,1
3ILO,1
3ILI,1
3IKW,1
3IMS,1
3IMT,1
3IMU,1
3IMV,1
3IMK,1
3IM9,1
3IMW,1
3IP5,1
3IP6,1
3IP8,1
3IOI,1
3IP0,1
3IOF,1
3IOG,1
3IOH,1
3IPJ,1
3IPN,1
3IPC,1
3IPE,1
3IR4,1
3IQT,1
3IQU,1
3IQV,1
3IQL,1
3IQJ,1
3IS3,1
3ISX,1
3ISG,1
3IU7,1
3IU1,1
3ITQ,1
3ITF,1
3IV0,1
3IUT,1
3IVY,1
3IVV,1
3KA9,1
3KA2,1
3KA3,1
3KA4,1
3KA6,1
3KA8,1
3KBE,1
3KBF,1
3KAN,1
3IX3,1
3IWF,1
3IXL,1
3K01,1
3K05,1
3K12,1
3K0M,1
3K0N,1
3JQ0,1
3K21,1
3K34,1
3JQL,1
3KZD,1
3LAA,1
3LAE,1
3LAG,1
3LA1,1
3LAX,1
3LB2,1
3LAS,1
3LBM,1
3LBO,1
3LDC,1
3LDD,1
3LD4,1
3LD5,1
3LED,1
3LF5,1
3LEZ,1
3LEN,1
3LEP,1
3LF3,1
3LG3,1
3LFT,1
3LHI,1
3LHN,1
3LHC,1
3LHW,1
3LHY,1
3LHZ,1
3LI1,1
3LHS,1
3LI4,1
3LHT,1
3LI5,1
3LHV,1
3LJI,1
3LJK,1
3LJM,1
3LJD,1
3LJG,1
3LL1,1
3LL2,1
3LM3,1
3LLD,1
3LLF,1
3LKY,1
3LN3,1
3LN4,1
3LLU,1
3M04,1
3LMZ,1
3M0R,1
3M14,1
3M0U,1
3M0I,1
3LOJ,1
3M0M,1
3M07,1
3LO8,1
3LNY,1
3LQ0,1
3M1O,1
3LQ3,1
3M23,1
3M25,1
3M26,1
3M1V,1
3M27,1
3M1K,1
3M0Z,1
3M32,1
3M2R,1
3M2U,1
3LQW,1
3M38,1
3M2H,1
3M2I,1
3LQL,1
3M30,1
3M2A,1
3LQB,1
3M2B,1
3M2C,1
3M2D,1
3M2E,1
3M2F,1
3LQG,1
3M2G,1
3M1W,1
3M28,1
3M1X,1
3M29,1
3M1Z,1
3M43,1
3M44,1
3M47,1
3M48,1
3LS9,1
3M3P,1
3M41,1
3M3A,1
3M3G,1
3M2Y,1
3M58,1
3LSN,1
3M4H,1
3LTS,1
3M5S,1
3M64,1
3M5X,1
3M5Y,1
3M5Z,1
3M5L,1
3LTP,1
3M5Q,1
3MAB,1
3MAO,1
3MBR,1
3MC3,1
3MC5,1
3MBU,1
3MBK,1
3MD4,1
3MD5,1
3MD7,1
3MCW,1
3MCX,1
3MEA,1
3MDU,1
3MDX,1
3ME9,1
3MFJ,1
3MEU,1
3MF6,1
3MG5,1
3MFW,1
3MGN,1
3MHW,1
3MHY,1
3MHO,1
3MI2,1
3MHR,1
3MI4,1
3MJO,1
3MJC,1
3MJE,1
3MJF,1
3MKF,1
3MJS,1
3MJV,1
3MM1,1
3MM2,1
3MMH,1
3MM3,1
3N01,1
3MNS,1
3MNG,1
3MNB,1
3MNC,1
3N11,1
3N12,1
3N0R,1
3MOE,1
3MOL,1
3MO7,1
3N08,1
3MNX,1
3N1S,1
3MP6,1
3N17,1
3MP9,1
3MR0,1
3MQG,1
3MQH,1
3N2J,1
3MQD,1
3LV5,1
3LV6,1
3M6U,1
3M6W,1
3M6Y,1
3M6Z,1
3M71,1
3M73,1
3M6B,1
3M7U,1
3LVZ,1
3LW1,1
3M7A,1
3LVC,1
3M97,1
3LWX,1
3M96,1
3M8J,1
3M8M,1
3LWC,1
3LY0,1
3M9Q,1
3M9J,1
3LZ3,1
3LZ5,1
3LYD,1
3LYE,1
3LZQ,1
3LZT,1
3LZL,1
3MRK,1
3N3M,1
3MRB,1
3MRE,1
3MRG,1
3N2W,1
3MQZ,1
3MST,1
3N4W,1
3MSI,1
3N4J,1
3MU4,1
3MU5,1
3MU7,1
3MTY,1
3MU0,1
3N5A,1
3MUX,1
3N6Z,1
3MVS,1
3MVF,1
3MVG,1
3MVC,1
3N8U,1
3MWX,1
3MWO,1
3N8R,1
3MWS,1
3MWJ,1
3MWK,1
3N8L,1
3MXR,1
3MXS,1
3N9G,1
3N9A,1
3N9E,1
3MYX,1
3MYQ,1
3MZC,1
3NBC,1
3NBD,1
3NB8,1
3NBM,1
3NCQ,1
3NCR,1
3NCL,1
3NED,1
3NDS,1
3NDU,1
3NDW,1
3NE8,1
3NDX,1
3NDO,1
3NE0,1
3NER,1
3NEQ,1
3NGG,1
3NG8,1
3NFK,1
3NHE,1
3NHI,1
3NGP,1
3NI6,1
3NI3,1
3NHT,1
3NJN,1
3NIR,1
3NKK,1
3NKE,1
3NJW,1
3NK8,1
3NJU,1
3NO0,1
3NO2,1
3NON,1
3NP0,1
3OEA,1
3OE4,1
3ODT,1
3ODV,1
3OFG,1
3CI3,1
3CHV,1
3CI7,1
3CHB,1
3CIW,1
3CIJ,1
3CIM,1
3CJS,1
3CJW,1
3CKM,1
3CKF,1
3CLM,1
3CM3,1
3CN4,1
3D08,1
3CO1,1
3D02,1
3D06,1
3CNJ,1
3CP5,1
3CP7,1
3D1X,1
3D1Y,1
3D1Z,1
3D1P,1
3D25,1
3D1K,1
3CPO,1
3D20,1
3D32,1
3CR6,1
3D43,1
3D3B,1
3CT5,1
3CT6,1
3D4Z,1
3D51,1
3D4E,1
3CU9,1
3D5Y,1
3CTP,1
3D5P,1
3CU4,1
3CVB,1
3CUZ,1
3CV2,1
3D80,1
3D7J,1
3D9A,1
3CX2,1
3D92,1
3D93,1
3D95,1
3CWN,1
3D9X,1
3CXY,1
3CXZ,1
3D9Q,1
3CY6,1
3CZF,1
3CZA,1
3CYW,1
3CYX,1
3CZ9,1
3E0X,1
3E10,1
3DOU,1
3DQ9,1
3DQ4,1
3DQ7,1
3DR9,1
3DQY,1
3DQP,1
3DQU,1
3DQH,1
3DQI,1
3DQK,1
3DQL,1
3DQM,1
3DQN,1
3E2N,1
3DR0,1
3E2O,1
3DQA,1
3DQC,1
3DQD,1
3E2D,1
3DQE,1
3DQF,1
3DS2,1
3DS4,1
3DRF,1
3DTB,1
3DT4,1
3E55,1
3E4V,1
3E4N,1
3DSB,1
3E4G,1
3E5T,1
3E5O,1
3E5H,1
3E5I,1
3DUW,1
3E6Z,1
3A0A,1
3A02,1
3A07,1
3A08,1
3A09,1
3A0S,1
3A0M,1
3A0N,1
3A1H,1
3A35,1
3A38,1
3A39,1
3A2O,1
3A3V,1
3A40,1
3A5F,1
3A4R,1
3A4J,1
3A71,1
3A6Q,1
3A72,1
3A6R,1
3A8G,1
3A8A,1
3A7I,1
3A7L,1
3A9F,1
3A9J,1
3A8Z,1
3A9B,1
3A8U,1
3A8M,1
3A8O,1
3A90,1
3A9K,1
3ABN,1
3AB5,1
3ACH,1
3ABX,1
3ADM,1
3ACX,1
3AFV,1
3AGT,1
3AH9,1
3AGI,1
3AGN,1
3AGO,1
3AGH,1
3AHS,1
3AI5,1
3AI6,1
3AHW,1
3AI0,1
3AJ4,1
3AJ6,1
3AJ7,1
3AJ8,1
3AJ9,1
3AHZ,1
3AIA,1
3AK8,1
3AK9,1
3AJN,1
3AK2,1
3AK3,1
3AJD,1
3AL7,1
3AKP,1
3AL1,1
3AKQ,1
3AKR,1
3AKS,1
3AKT,1
3ALF,1
3ALJ,1
3ALD,1
3AMR,1
3AMN,1
3AMC,1
3B0Y,1
3B12,1
3B0S,1
3B0T,1
3AP9,1
3B0X,1
3AOK,1
3AOF,1
3B0F,1
3B0G,1
2ZUX,1
2ZWG,1
2ZWD,1
2ZWE,1
2ZWF,1
2ZVX,1
2ZW0,1
2ZVP,1
2ZVQ,1
2ZWS,1
2ZWT,1
2ZWU,1
2ZYP,1
2ZXY,1
2ZZV,1
3BKR,1
3B28,1
3B3C,1
3B34,1
3B35,1
3B2C,1
3AQJ,1
3B3T,1
3B3V,1
3ARX,1
3ARY,1
3B3R,1
3B3S,1
3B4U,1
3B4N,1
3B50,1
3B51,1
3AST,1
3ASL,1
3AUB,1
3B6D,1
3ATN,1
3ATO,1
3B5O,1
3AU2,1
3B64,1
3B5M,1
3B7E,1
3AV8,1
3B79,1
3AUG,1
3AUH,1
3B7S,1
2VH7,1
2VH3,1
2VI1,1
2VI2,1
2VHR,1
2VI3,1
2VI4,1
2VHK,1
2VIM,1
2VIF,1
2VK7,1
2VK8,1
2VK2,1
2VK5,1
2VJI,1
2VLX,1
2VLW,1
2W7A,1
2W72,1
2W73,1
2VUV,1
2W91,1
2VWR,1
2VW8,1
2VXN,1
2W9H,1
2VWS,1
2VX5,1
2W8T,1
2W8V,1
2VXT,1
2VXV,1
2VY8,1
2VZP,1
2VZC,1
2WAG,1
2WBO,1
2WBP,1
2WBQ,1
2WD2,1
2WD4,1
2WCJ,1
2WDY,1
2WDS,1
2WE5,1
2WF9,1
2WF5,1
2WF6,1
2WF7,1
2WF8,1
2WEJ,1
2WEO,1
2WEA,1
2WEG,1
2VNG,1
2VN6,1
2VNZ,1
2VNO,1
2W1J,1
2VPA,1
2W14,1
2W15,1
2VOV,1
2VOK,1
2W12,1
2W13,1
2W2E,1
2W2A,1
2W2B,1
2VPT,1
2W1V,1
2VQ8,1
2W20,1
2W1P,1
2VQ4,1
2W1S,1
2W3G,1
2W3B,1
2VR6,1
2VR8,1
2W39,1
2VQR,1
2W4J,1
2W4F,1
2W47,1
2W3Z,1
2VS0,1
2W40,1
2W3Q,1
2W6A,1
2VUC,1
2W5Q,1
2VU6,1
2VU7,1
2WFI,1
2WFJ,1
2WHL,1
2WJ5,1
2WIY,1
2WK1,1
2WL1,1
3DWE,1
3E7U,1
3CZZ,1
3CZS,1
3CZT,1
3CZN,1
3DA8,1
3DBK,1
3DAQ,1
3DB7,1
3DD0,1
3DE3,1
3DDF,1
3DCR,1
3DFJ,1
3DGD,1
3DHA,1
3DHB,1
3DHC,1
3DIB,1
3DK4,1
3DK8,1
3DK9,1
3DJJ,1
3DJK,1
3DK1,1
3DJH,1
3DKE,1
3DLC,1
3DN5,1
3DNZ,1
3DO0,1
3DO1,1
3DO2,1
3DNJ,1
3DW1,1
3DVQ,1
3DVR,1
3DW3,1
3E7R,1
3DVS,1
3DWV,1
3E8Y,1
3E8O,1
3DX1,1
3DX2,1
3DX3,1
3DX4,1
3E8T,1
3E8M,1
3DYB,1
3DXG,1
3DXH,1
3DXL,1
3DZE,1
3EAC,1
3EA6,1
3EC0,1
3EAZ,1
3ECL,1
3ECG,1
3EBX,1
3EBZ,1
3EBT,1
3EDO,1
3EDB,1
3EDG,1
3EDH,1
3EDI,1
3ECZ,1
3EDA,1
3ECX,1
3ED9,1
3EER,1
3EG3,1
3EF4,1
3EIN,1
3EJP,1
3EJQ,1
3EJR,1
3EJS,1
3EJT,1
3EJU,1
3EJV,1
3EIX,1
3ELN,1
3ELF,1
3EMM,1
3EMH,1
3F05,1
3EO6,1
3F00,1
3F03,1
3F04,1
3F16,1
3F17,1
3F18,1
3F19,1
3GXH,1
3GZB,1
3GZ0,1
3GYI,1
3GYJ,1
3GYL,1
3GZQ,1
3GZR,1
3HAU,1
3HAW,1
3HD1,1
3HD2,1
3I94,1
3I95,1
3HWU,1
3I8U,1
3HX8,1
3I9Q,1
3HDS,1
3HFO,1
3HF5,1
3HGN,1
3HGP,1
3HHP,1
3HHA,1
3HH3,1
3HH4,1
3HH5,1
3HH6,1
3HJ0,1
3HJ2,1
3HIS,1
3HHT,1
3HM4,1
3HLI,1
3HLJ,1
3HMC,1
3HLX,1
3I03,1
3I06,1
3HNX,1
3HNB,1
3HP4,1
3I19,1
3I0J,1
3I10,1
3I11,1
3I0G,1
3HNY,1
3I1U,1
3HPW,1
3HPC,1
3I35,1
3I2V,1
3I37,1
3I39,1
3I2Y,1
3I2Z,1
3I30,1
3I33,1
3I34,1
3I3Q,1
3HS4,1
3I3S,1
3I45,1
3HRE,1
3I3F,1
3HSV,1
3I4W,1
3HSZ,1
3HT0,1
3I4O,1
3HT1,1
3HSG,1
3I4G,1
3HSJ,1
3HU9,1
3I67,1
3HTG,1
3HTD,1
3HUP,1
3HUQ,1
3HV8,1
3I6H,1
3I6J,1
3HUK,1
3I6O,1
3HUA,1
3I6C,1
3I6F,1
3HVI,1
3HVK,1
3I7M,1
3HVH,1
4J58,1
4J4Z,1
4J55,1
4ITO,1
4J5O,1
4J5Q,1
4J5R,1
4J5G,1
4J5H,1
4ITK,1
4J5K,1
4ITA,1
4ITB,1
4J5C,1
4J5D,1
4J5E,1
4J73,1
4IUS,1
4J74,1
4J78,1
4IUM,1
4IV0,1
4IUC,1
4IUD,1
4IX3,1
4IX4,1
4J8C,1
4J9T,1
4IXL,1
4J9C,1
4J9E,1
4J9F,1
4IYJ,1
4IZU,1
4IZX,1
4IZS,1
4JBD,1
4JBB,1
4JB7,1
4JCK,1
4JCC,1
4JD5,1
4JEA,1
4JED,1
4JE1,1
4JDU,1
4JFI,1
4JFJ,1
4JFK,1
4JFL,1
4JFM,1
4JEW,1
4JF8,1
4JEX,1
4JF1,1
4JER,1
4JF5,1
4JGL,1
4JG2,1
4JH2,1
4JGU,1
4JH6,1
4JH8,1
4JJ2,1
4JHT,1
4JJE,1
4JJA,1
4JIU,1
4JJ7,1
4JL5,1
4JKA,1
4JKB,1
4JK7,1
4JK8,1
4JLP,1
4JM1,1
4JM5,1
4JM6,1
4JLL,1
4JL7,1
4JMP,1
4JN7,1
4JMG,1
4JMB,1
4JM8,1
4JM9,1
4JNU,1
4JMW,1
4JN8,1
4JP2,1
4K12,1
4JOR,1
4JOS,1
4JP4,1
4JP6,1
4JP7,1
4K0W,1
4JOJ,1
4JOK,1
4K0N,1
4JOE,1
4JOF,1
4JOG,1
4K0G,1
4JOH,1
4JPT,1
4JPU,1
4JPL,1
4JPM,1
4K1E,1
4JR7,1
4JQK,1
4JQM,1
4JQN,1
4JQA,1
4JRU,1
4K41,1
4K4O,1
4JU8,1
4KLV,1
4KLW,1
4KLX,1
4L05,1
4KNK,1
4KNN,1
4KMV,1
4KN9,1
4KOR,1
4KP5,1
4KOW,1
4L0N,1
4KOC,1
4KPT,1
4L1T,1
4L1I,1
4KPM,1
4KOY,1
4KQW,1
4KQK,1
4KQP,1
4KZV,1
4LA9,1
4LAZ,1
4LB3,1
4LB4,1
4LAU,1
4LAP,1
4LBR,1
4LBS,1
4LBT,1
4LBU,1
4LC6,1
4LC8,1
4LDJ,1
4LDC,1
4LD1,1
4LEB,1
4LDV,1
4LE9,1
4LDN,1
4LF0,1
4LEQ,1
4LER,1
4LFQ,1
4LFS,1
4LHL,1
4LGX,1
4LGY,1
4LJ1,1
4LHS,1
4LJH,1
4LIZ,1
4LK8,1
4LLQ,1
4LM3,1
4LM4,1
4LLD,1
4LKU,1
4LMM,1
4LN2,1
4LMS,1
4LNP,1
4L2H,1
4KQI,1
4L2I,1
4KRU,1
4KS7,1
4L57,1
4L58,1
4KT3,1
4L4E,1
4L4F,1
4KTU,1
4KU0,1
4KTS,1
4L5E,1
4KTF,1
4KTJ,1
4KTK,1
4KUV,1
4KV7,1
4L77,1
4KUP,1
4L6G,1
4L6A,1
4L6B,1
4L6D,1
4L7X,1
4L7G,1
4KWP,1
4KWO,1
4L8A,1
4KXY,1
4KY2,1
4KY5,1
4KXU,1
4KXV,1
4KXW,1
4KXX,1
4L9P,1
4L9D,1
4KZB,1
4KZ4,1
4KZ5,1
4KZ7,1
3KE7,1
3KFF,1
3KFG,1
3KFH,1
3KFI,1
3KFA,1
3KEV,1
3KGK,1
3KFR,1
3KI0,1
3KHF,1
3KH1,1
3KIG,1
3KI1,1
3KI2,1
3KI3,1
3KI7,1
3KKP,1
3KKQ,1
3KKF,1
3KKG,1
3KLR,1
3KKU,1
3KL6,1
3KKW,1
3KM5,1
3KNB,1
3KNE,1
3L14,1
3L0K,1
3L0F,1
3L1N,1
3KPE,1
3L1E,1
3L36,1
3L37,1
3KS3,1
3L3U,1
3L46,1
3L41,1
3L42,1
3L4P,1
3L4R,1
3L65,1
3L66,1
3L5L,1
3L5M,1
3KUU,1
3KUN,1
3KUO,1
3KUS,1
3KUH,1
3KUJ,1
3L84,1
3L8W,1
3KWZ,1
3L8Z,1
3KWR,1
3L8L,1
3KWD,1
3KWE,1
3L9A,1
3KYY,1
3KYZ,1
3KYU,1
3KYV,1
3KYW,1
3KYJ,1
3ESU,1
3ESN,1
3ESO,1
3ESP,1
3ESC,1
3ESD,1
3F6B,1
3F5S,1
3F66,1
3F5V,1
3F5L,1
3F6V,1
3F6Y,1
3EUN,1
3F71,1
3EUR,1
3F6C,1
3F6E,1
3EUG,1
3F8D,1
3F7X,1
3F7L,1
3EW0,1
3EVP,1
3F7E,1
3EVF,1
3F7K,1
3F9B,1
3EXD,1
3EX6,1
3F8V,1
3EWW,1
3EWX,1
3EWY,1
3F8Y,1
3EWZ,1
3EX1,1
3EX3,1
3EX4,1
3EYE,1
3EXV,1
3EXX,1
3F9X,1
3EXY,1
3EY6,1
3F9L,1
3EZG,1
3FAD,1
3FA0,1
3FAS,1
3FCI,1
3FCN,1
3FBW,1
3FDO,1
3FEC,1
3FED,1
3FEG,1
3FEA,1
3FE7,1
3FF3,1
3FEV,1
3FGD,1
3FGH,1
3FG9,1
3FGV,1
3FIL,1
3FIA,1
3FKW,1
3FKE,1
3FK8,1
3FM6,1
3FMU,1
3FMY,1
3FO7,1
3FO3,1
3FP6,1
3G16,1
3FP7,1
3FP8,1
3FOD,1
3G0K,1
3G1V,1
3FQ9,1
3G1Y,1
3FSS,1
3FSJ,1
3FSO,1
3FSA,1
3G4E,1
3G5S,1
3G5T,1
3UQI,1
3V2M,1
3V1P,1
3URC,1
3URD,1
3URE,1
3UR8,1
3V39,1
3UQY,1
3UR7,1
3V4K,1
3V50,1
3V4B,1
3V4F,1
3URR,1
3V43,1
3US5,1
3US6,1
3V3W,1
3V5M,1
3V5A,1
3UUE,1
3V7N,1
3V7P,1
3UVK,1
3UVC,1
3V75,1
3UWI,1
3UB6,1
3UAV,1
3UB7,1
3UAB,1
3UAC,1
3UAD,1
3UAE,1
3UC7,1
3UC8,1
3UCI,1
3UCB,1
3UCD,1
3UE7,1
3UE2,1
3UF7,1
3UEY,1
3UEJ,1
3UGC,1
3UGD,1
3UFN,1
3UFF,1
3UGI,1
3UGL,1
3UI4,1
3UI5,1
3UI6,1
3UHM,1
3UJA,1
3UJC,1
3UJ8,1
3UJ9,1
3UJR,1
3UK0,1
3UKO,1
3ULT,1
3ULJ,1
3V0F,1
3V0D,1
3UNX,1
3UNR,1
3V1F,1
3V1A,1
3V1B,1
3V1C,1
3V1D,1
3V1E,1
3UP3,1
4F06,1
4EO7,1
4F01,1
4ENF,1
4F0W,1
4F18,1
4F19,1
4EP4,1
4F14,1
4F0B,1
4EOC,1
4EOD,1
4EOE,1
4EQ8,1
4F1W,1
4EQ9,1
4F1U,1
4EPV,1
4F1V,1
4EQP,1
4EQI,1
4F2C,1
4F2E,1
4ERY,1
4ESA,1
4ES2,1
4F3I,1
4F3J,1
4ES1,1
4ERC,1
4ESM,1
4ESP,1
4DWR,1
4DWU,1
4DWV,1
4E97,1
4E9X,1
4DXZ,1
4E9Q,1
4E9R,1
4DY4,1
4E9S,1
4E9T,1
4DXU,1
4E9W,1
4DXH,1
4DXK,1
4DXM,1
4E9O,1
4DZ7,1
4DZ9,1
4EAA,1
4EAB,1
4EAE,1
4EA8,1
4EA9,1
4EA7,1
4EBG,1
4EDE,1
4EDH,1
4EE6,1
4EE9,1
4EFP,1
4EFI,1
4EET,1
4EEU,1
4EEW,1
4EGU,1
4EIR,1
4EIS,1
4EIV,1
4EIH,1
4EIC,1
4EID,1
4EIE,1
4EIF,1
4EK3,1
4EK4,1
4EJD,1
4EKR,1
4EL4,1
4EKF,1
4EMN,1
4ESE,1
4F66,1
4EU9,1
4F5Z,1
4ETL,1
4F5L,1
4ETN,1
4F60,1
4EUZ,1
4EUL,1
4EUO,1
4EV4,1
4EUG,1
4F6J,1
4EVU,1
4F87,1
4EVZ,1
4EVQ,1
4EVS,1
4F98,1
4F8X,1
4F8Z,1
4EX6,1
4EYB,1
4EYD,1
4EY9,1
4EXY,1
4EY1,1
4EY2,1
4F9T,1
4EXK,1
4EZF,1
4EYZ,1
4EZ8,1
4EZI,1
4FB2,1
4FAT,1
4FB7,1
4FCF,1
4FCH,1
4FEE,1
4FEG,1
4FH0,1
4FH2,1
4FH4,1
4FGJ,1
4FGK,1
4FGL,1
4FI6,1
4FH6,1
4FIO,1
4FIK,1
4FI7,1
4FI8,1
4FKU,1
4FL8,1
4FKL,1
4FKA,1
4FKB,1
4FK9,1
4FM6,1
4FLK,1
4FLG,1
4FN7,1
4G0X,1
4FON,1
4G10,1
4G13,1
4G14,1
4FP5,1
4TRO,1
4TRP,1
4U3B,1
4U3D,1
4U2R,1
4U2S,1
4U2T,1
4U36,1
4U2W,1
4TQX,1
4U3Y,1
4TTN,1
4TTK,1
4U6O,1
4TUT,1
4TUL,1
4TTW,1
4TVT,1
4TW6,1
4U7H,1
4U6Y,1
4TX0,1
4TWS,1
4U94,1
4TWU,1
4TWV,1
4TVV,1
4TW7,1
4U7V,1
4U89,1
4TXR,1
4TXW,1
4U9H,1
4U9I,1
4U8W,1
4U98,1
4TYF,1
4TZF,1
4TZH,1
4UA9,1
4UA4,1
4UA6,1
4UA7,1
4UAS,1
4UAT,1
4UAU,1
4UAV,1
4UAA,1
4UAB,1
4UBY,1
4UBZ,1
4UD9,1
4UDT,1
4UE7,1
4UDW,1
4UE8,1
4UDX,1
4UDY,1
4UE0,1
4UE1,1
4UE3,1
4UFD,1
4UEH,1
2V0A,1
2V06,1
2V03,1
2V1E,1
2V1F,1
2V1G,1
2V1H,1
2V1I,1
2V1J,1
2V1K,1
2V0U,1
2V2H,1
2V1M,1
2V1Q,1
2V25,1
2V3G,1
2V3I,1
2V2P,1
2V2S,1
2V52,1
2UUJ,1
2UUK,1
2V6K,1
2UUQ,1
2UUF,1
2UU8,1
2UVO,1
2V7F,1
2UV4,1
2UUX,1
2UUY,1
2UWR,1
2V8F,1
2V8B,1
2V89,1
2V9M,1
2V9N,1
2V9L,1
2V9B,1
2V8T,1
2UX6,1
2V8U,1
2UX7,1
2UX9,1
2V9V,1
2UXW,1
2UXY,1
2UYZ,1
2VB1,1
2VC8,1
2VC4,1
2VBK,1
2VBA,1
2VBB,1
2VD8,1
2VCH,1
2VCN,1
2VE8,1
2VEZ,1
2VEB,1
2VFR,1
2VFD,1
2VHA,1
5HQY,1
5I39,1
5HQZ,1
5HR0,1
5HR2,1
5I32,1
5HR3,1
5I2F,1
5HQI,1
5HQH,1
5I40,1
5HRQ,1
5I45,1
5HS4,1
5HT2,1
5HSR,1
5HSU,1
5I55,1
5I4I,1
5I4H,1
5HSG,1
5HUA,1
5I6A,1
5I5Q,1
5H9A,1
5H8X,1
5GWN,1
5H8T,1
5H94,1
5GYC,1
5GY7,1
5H9N,1
5H9K,1
5H9L,1
5GZC,1
5GZE,1
5GZD,1
5GZW,1
5HA1,1
5HA0,1
5HAV,1
5HB7,1
5HB6,1
5HCO,1
5HC0,1
5HBS,1
5HDK,1
5HDM,1
5HD4,1
5HD6,1
5HCT,1
5HEL,1
5HEE,1
5HDZ,1
5HFQ,1
5HGJ,1
5HG8,1
5HHE,1
5HHJ,1
5HHK,1
5HHA,1
5HGX,1
5HH9,1
5HGZ,1
5HJG,1
5HJE,1
5HJ9,1
5HL3,1
5HKJ,1
5HKO,1
5HM0,1
5HMV,1
5HMJ,1
5HML,1
5HNV,1
5I06,1
5I09,1
5I00,1
5I02,1
5I0U,1
5I0T,1
5I0Y,1
5I0S,1
5I0R,1
5HOE,1
5HOC,1
5HOB,1
5I29,1
5I1N,1
5HQ1,1
5I1P,1
5I1O,1
5HPR,1
5I1S,1
5FV5,1
5FUI,1
5FWC,1
5FW7,1
5FW6,1
5FVN,1
5FX6,1
5FXN,1
5FYP,1
5FYR,1
5GGN,1
5GGJ,1
5GGL,1
5GGK,1
5GGB,1
5GHO,1
5GHN,1
5GHQ,1
5GHP,1
5GI5,1
5GHI,1
5GHJ,1
5GH9,1
5GIH,1
5GIG,1
5GII,1
5GIK,1
5GIF,1
5GI8,1
5GI7,1
5GHX,1
5GI9,1
5GJI,1
5GJH,1
5GLX,1
5GM9,1
5GNG,1
5H18,1
5GOB,1
5GOD,1
5H1N,1
5H22,1
5H1D,1
5GQP,1
5GQI,1
5GRR,1
5H3V,1
5H3J,1
5H3B,1
5GT5,1
5GSM,1
5H5R,1
5GTQ,1
5H5Q,1
5GV7,1
5GV8,1
5H6H,1
5GUI,1
5H7T,1
5H7Q,1
5C4D,1
5C47,1
5C49,1
5BRW,1
5C48,1
5BRY,1
5BS4,1
5C3F,1
5C5A,1
5BT3,1
5BT5,1
5C4F,1
5C4M,1
5BTW,1
5C68,1
5C5Z,1
5BTY,1
5C5G,1
5C7H,1
5C7G,1
5C6S,1
5BWH,1
5BVR,1
5BXC,1
5BXJ,1
5C8R,1
5C98,1
5BYI,1
5BYK,1
5BY5,1
5BXU,1
5C9M,1
5BXO,1
5BZE,1
5BZJ,1
5BZI,1
5BZL,1
5BZK,1
5BZN,1
5BZM,1
5BZP,1
5BZO,1
5BZR,1
5BZQ,1
5BZT,1
5CAD,1
5CB7,1
5CBU,1
5CBT,1
5CC9,1
5CDS,1
5CE4,1
5CDG,1
5CEC,1
5CDV,1
5CDZ,1
5CG5,1
5CFW,1
5CFH,1
5CFJ,1
5CFA,1
5CGQ,1
5CGX,1
5CGW,1
5CHU,1
5CHJ,1
5CIV,1
5CKL,1
5CLY,1
5CLX,1
5CLZ,1
5CM1,1
5CN3,1
5CMT,1
5CMM,1
5CMB,1
5CMC,1
5CNH,1
5COZ,1
5COY,1
5D14,1
4XUW,1
4XWR,1
4Y88,1
4Y89,1
4XXL,1
4XXR,1
4Y9E,1
4XXF,1
4XXG,1
4Y9H,1
4Y9I,1
4Y9B,1
4XXC,1
4Y9C,1
4XX9,1
4XYB,1
4XXU,1
4Y9V,1
4Y9W,1
4XZP,1
4XZH,1
4XYY,1
4YAV,1
4YAP,1
4YAA,1
4YBM,1
4YBF,1
4YD7,1
4YD3,1
4YD4,1
4YCT,1
4YD5,1
4YD6,1
4YCK,1
4YCB,1
4YDP,1
4YE1,1
4YE3,1
4YE7,1
4YDM,1
4YDN,1
4YEP,1
4YEJ,1
4YEM,1
4YEO,1
4YEC,1
4YG6,1
4YFM,1
4YG0,1
4YH4,1
4YGJ,1
4YGN,1
4YI8,1
4YI9,1
4YHQ,1
4YIL,1
4YIK,1
4YJQ,1
4YJR,1
4YK5,1
4YLA,1
4YKP,1
4YL1,1
4YL3,1
4YL4,1
4YKI,1
4YKJ,1
4YKK,1
4YME,1
4YLQ,1
4YLK,1
4YLL,1
4YNC,1
4YNH,1
4YMX,1
4YMY,1
4Z0G,1
4Z0I,1
4Z03,1
4Z04,1
4YPC,1
4YPD,1
4Z1J,1
4Z0W,1
4Z0K,1
4Z0N,1
4YP2,1
4Z0Q,1
4YQD,1
4YQE,1
4Z1S,1
4Z27,1
4Z1W,1
4Z1K,1
4Z1N,1
4YPO,1
4Z1Q,1
4Z1R,1
4Z3G,1
4Z3B,1
4Z2V,1
4Z39,1
4YQY,1
4Z2O,1
4YSI,1
4YSL,1
4YSA,1
4YSD,1
4YSE,1
5HTX,1
5HTL,1
5I5N,1
5I5M,1
5I5B,1
5I5A,1
5I5C,1
5I6K,1
5I6M,1
5I6L,1
5I6O,1
5I6N,1
5HUB,1
5HUI,1
5HWA,1
5HW5,1
5I86,1
5I7X,1
5I89,1
5I88,1
5I7Y,1
5I80,1
5HW3,1
5I83,1
5HVE,1
5I7G,1
5I7I,1
5HWZ,1
5HWO,1
5I90,1
5HWN,1
5I8G,1
5I8F,1
5HWK,1
5I9V,1
5I9X,1
5I9W,1
5I9Y,1
5HXF,1
5HZA,1
5HZ8,1
5HYV,1
5HZ7,1
5HZ6,1
5HZ5,1
5IB9,1
5IB2,1
5IBN,1
5IBQ,1
5IBP,1
5IDA,1
5IDB,1
5IDD,1
5ID8,1
5ICU,1
5IEL,1
5IDV,1
5IH1,1
5IGJ,1
5IGI,1
5IGA,1
5IG6,1
5IHS,1
5IHI,1
5IHH,1
5IHK,1
5IGT,1
5IGS,1
5IGY,1
5II6,1
5IHW,1
5II8,1
5IHV,1
5IK4,1
5IK5,1
5IJM,1
5IIZ,1
5IKD,1
5ILS,1
5ILU,1
5IMV,1
5IMK,1
5IMM,1
5IN1,1
5IMA,1
5IMD,1
5IMC,1
5IMF,1
5IM9,1
5INY,1
5IO9,1
5INJ,1
5IO0,1
5IO2,1
5INB,1
5IMZ,1
5IOX,1
5IOW,1
5J0D,1
5J0F,1
5INZ,1
5J1T,1
5J25,1
5J1N,1
5J1S,1
5IPE,1
5IPG,1
5IPH,1
5IPC,1
5IQX,1
5MWZ,1
5N91,1
5N8G,1
5N8J,1
5N8I,1
5N8B,1
5N8A,1
5N8F,1
5N8E,1
5MY9,1
5MXP,1
5MY5,1
5MY7,1
5N9H,1
5MXO,1
5MXC,1
5N9C,1
5MYY,1
5MYX,1
5MYC,1
5NBF,1
5NB4,1
5NB3,1
5NAT,1
5NAW,1
5NB7,1
5NAI,1
5NAJ,1
5NCB,1
5NCG,1
5NCF,1
5NBJ,1
5NC0,1
5ND0,1
5NEG,1
5NEA,1
5NE5,1
5NDU,1
5NE3,1
5NE2,1
5NFK,1
5NF0,1
5NGG,1
5NG7,1
5NFX,1
5NG9,1
5NFM,1
5NGX,1
5NGN,1
5NGQ,1
5NIH,1
5NIO,1
5NIG,1
5NI9,1
5NI3,1
5NHU,1
5NJA,1
5NJC,1
5NJF,1
5NJ9,1
5NJ2,1
5NIV,1
5NKC,1
5NKE,1
5NKD,1
5NKG,1
5NKF,1
5NKH,1
5NKA,1
5NK5,1
5NK4,1
5NK6,1
5NJW,1
5NLO,1
5NLD,1
5NLH,1
5NL4,1
5NKW,1
5NMN,1
5NMJ,1
5NLU,1
5NM6,1
5NLZ,1
5NNF,1
5NNE,1
5NNG,1
5O10,1
5NOS,1
5NP4,1
5O0S,1
5NOU,1
5O0U,1
5NOT,1
5NP5,1
5O15,1
5NOA,1
5NQ0,1
5O24,1
4JU9,1
4K5Q,1
4JTR,1
4JTM,1
4JV8,1
4K6Y,1
4K6O,1
4JUA,1
4K6B,1
4K89,1
4K7Y,1
4K7T,1
4JVU,1
4K7L,1
4JVO,1
4K8Y,1
4JX9,1
4K8M,1
4K8E,1
4K8G,1
4JXR,1
4K9K,1
4K9M,1
4JXQ,1
4JXE,1
4JXH,1
4JZ5,1
4JYM,1
4JYP,1
4JYF,1
4JZZ,1
4JZQ,1
4KAF,1
4KAG,1
4KAV,1
4KB9,1
4KAP,1
4KEF,1
4KEL,1
4KEM,1
4KEB,1
4KEE,1
4KDW,1
4KDX,1
4KF0,1
4KGD,1
4KJK,1
4KJL,1
4KJJ,1
4KJT,1
4KM0,1
4KM2,1
4KL7,1
4KL9,1
4KMR,1
4KMG,1
4W51,1
4W5L,1
4W5M,1
4W5P,1
4W59,1
4W71,1
4W5Z,1
4VUB,1
4W65,1
4W67,1
4W5Y,1
4W7L,1
4W7M,1
4W7N,1
4W7O,1
4W7K,1
4W8Q,1
4W93,1
4W8H,1
4W8B,1
4W7U,1
4W7V,1
4W7W,1
4W9O,1
4W9Q,1
4W9A,1
4W9B,1
4W98,1
4W9Z,1
4WBR,1
4WBU,1
4WBV,1
4WBJ,1
4WBK,1
4WCK,1
4UP0,1
4UP3,1
4V2K,1
4UQL,1
4UQC,1
4UQD,1
4UQE,1
4V28,1
4V3I,1
4URE,1
4URF,1
4URH,1
4UQX,1
4V2Y,1
4V2Z,1
4UQP,1
4V33,1
4UR4,1
4UR6,1
4UR7,1
4V4M,1
4USI,1
4USA,1
4US6,1
4US8,1
4US9,1
4UTK,1
4UTL,1
4UTM,1
4UU2,1
4UU3,1
4UTF,1
4UTH,1
4UTI,1
4UTJ,1
4U28,1
4RMW,1
4RMQ,1
4RMT,1
4RMU,1
4RMV,1
4RNX,1
4RPM,1
4S1P,1
4RPQ,1
4S0Z,1
4RP3,1
4RP4,1
4S31,1
4S32,1
4RQR,1
4S33,1
4RQA,1
4S2B,1
4RPT,1
4S25,1
4S27,1
4S28,1
4S29,1
4RS3,1
4S3E,1
4S3C,1
4S36,1
4S38,1
4S39,1
4S2Z,1
4RRV,1
4RU3,1
4RTC,1
4RUQ,1
4RV5,1
4RUU,1
4RTV,1
4RTW,1
4RTX,1
4RTY,1
4RTZ,1
4RVQ,1
4RVA,1
4RUW,1
4RUX,1
4RUY,1
4RX3,1
4RX5,1
4RWU,1
4RWC,1
4RXT,1
4RXU,1
4RXV,1
4RY9,1
4RXN,1
4RY0,1
4RY1,1
4RYS,1
4RYV,1
4RZ9,1
4TKC,1
4TKH,1
4TKJ,1
4TJZ,1
4TKB,1
3TQ2,1
3U23,1
3TQ5,1
3U25,1
3U3E,1
3U3G,1
3U3H,1
3U2U,1
3TS3,1
3TRV,1
3U5L,1
3U62,1
3TT8,1
3TV3,1
3U6G,1
3TUA,1
3U65,1
3TTV,1
3TU8,1
3TVN,1
3U81,1
3TW2,1
3U7Q,1
3U7R,1
3U7T,1
3TVJ,1
3U7C,1
3U8O,1
3U91,1
3U8R,1
3U8I,1
3TWE,1
3U8E,1
3U7Z,1
3U97,1
3U98,1
3U99,1
3TYS,1
3TYI,1
3U9W,1
3UAW,1
3UB8,1
3UAX,1
3UB9,1
3UAY,1
3UAZ,1
4P2G,1
4OQI,1
4P2K,1
4OQC,1
4OPZ,1
4P40,1
4P3Q,1
4ORR,1
4OS3,1
4P3R,1
4ORS,1
4P3V,1
4P47,1
4P3H,1
4ORL,1
4P3A,1
4OQV,1
4P4W,1
4P48,1
4P49,1
4P5Q,1
4P5R,1
4P5S,1
4P5N,1
4OU0,1
4OU1,1
4P61,1
4P5E,1
4P4Z,1
4PCI,1
4PDY,1
4PE3,1
4PDT,1
4PDN,1
4PE0,1
4PF3,1
4PF4,1
4PH2,1
4PIA,1
4PIC,1
4PI8,1
4PI9,1
4PHR,1
4PI3,1
4PIX,1
4PIZ,1
4PJ2,1
4PKL,1
4PK2,1
4PK3,1
4PLF,1
4PLG,1
4PMN,1
4PMO,1
4PMA,1
4PME,1
4PMF,1
4PM9,1
4PLZ,1
4PLP,1
4PM1,1
4PM5,1
4PM7,1
4PM8,1
4PNJ,1
4PNO,1
4Q01,1
4PMZ,1
4PN2,1
4PMX,1
4Q0K,1
4POE,1
4Q0H,1
4Q03,1
4Q06,1
4Q07,1
4Q08,1
4Q09,1
4Q1P,1
4Q1R,1
4PP4,1
4Q2M,1
4Q2Q,1
4PR4,1
4Q2S,1
4Q2F,1
4PQH,1
4Q2L,1
4PQD,1
4PQ6,1
4Q26,1
4Q27,1
4PQ9,1
4Q29,1
4PRR,1
4PRS,1
4PRT,1
4PS5,1
4PS6,1
4OUS,1
4OUJ,1
4OUM,1
4OUF,1
4OTZ,1
4P6A,1
4P7X,1
4P7K,1
4P7O,1
4P82,1
4P7F,1
4P7J,1
4OX6,1
4OWZ,1
4OWE,1
4OWH,1
4OWI,1
4P8B,1
4OY6,1
4OY8,1
4OXX,1
4OY3,1
4OY5,1
4P9I,1
4P9K,1
4P9L,1
4OYN,1
4OZJ,1
4OZL,1
4PA8,1
4PAI,1
4PAK,1
4PCE,1
4PC9,1
4PBH,1
4Q3H,1
4PQW,1
4PR8,1
4Q4O,1
4Q4Q,1
4PSR,1
4Q4R,1
4Q53,1
4PSS,1
4Q4S,1
4PST,1
4Q56,1
4Q4G,1
4Q4K,1
4Q4N,1
4PSB,1
4PSC,1
4Q3W,1
4Q3X,1
4Q3Y,1
4Q3Z,1
4Q68,1
4PTH,1
4PTJ,1
4Q5K,1
4Q4W,1
4PSY,1
4Q6S,1
4Q6T,1
4PUU,1
4PUV,1
4PUW,1
4Q78,1
4PUX,1
4PUJ,1
4Q6J,1
4PUK,1
4PUN,1
4Q6O,1
4Q6D,1
4Q6E,1
4Q7R,1
4Q7U,1
4Q7W,1
4PVK,1
4PVO,1
4PW0,1
4Q7O,1
4Q7Q,1
4Q7B,1
4Q7E,1
4PVH,1
4PVI,1
4PVA,1
4Q8T,1
4Q8U,1
4Q8V,1
4PWW,1
4PX8,1
4Q8W,1
4Q98,1
4Q8Y,1
4Q8M,1
4Q8N,1
4Q8P,1
4PWQ,1
4PWE,1
4PWI,1
4Q7Z,1
4Q9W,1
4PXE,1
4PYM,1
4PYN,1
4PZ0,1
4PYQ,1
4PYR,1
4PZ3,1
4PYI,1
4PZZ,1
4PZH,1
4QA8,1
4QB6,1
4QAR,1
4QB3,1
4QAS,1
4QC6,1
4QBV,1
4QBX,1
4QBO,1
4QC4,1
4QBG,1
4QEF,1
4QE3,1
4QDT,1
4QDU,1
4QEQ,1
4QER,1
4QF7,1
4QEK,1
4QEL,1
4QEM,1
4QHE,1
4QGX,1
4QGY,1
4QHW,1
4QI8,1
4QHQ,1
4QI3,1
4QIT,1
4QIU,1
4QIY,1
4QKM,1
4QKC,1
4QKD,1
4QK7,1
4QK3,1
4QLI,1
4QLE,1
4QLF,1
4QKZ,1
4QL3,1
4QMC,1
4QLP,1
4QNJ,1
4HDR,1
4HE5,1
4HE6,1
4HFQ,1
4HEY,1
4HEZ,1
4HEQ,1
4HF3,1
4HGC,1
4HGH,1
4HGU,1
4GNQ,1
4GNR,1
4GNE,1
4H15,1
4GP9,1
4GOD,1
4H0D,1
4GOE,1
4GOF,1
4GOG,1
4H0B,1
4H27,1
4GPQ,1
4GQ4,1
4GPE,1
4GR8,1
4H2Z,1
4GR0,1
4H30,1
4GQQ,1
4GQR,1
4GR3,1
4GQL,1
4GQM,1
4HIQ,1
4HIS,1
4HIL,1
4HI7,1
4HI8,1
4HI9,1
4HJP,1
4HK2,1
4HJS,1
4HJT,1
4HJU,1
4HJB,1
4HL2,1
4HKG,1
4HKL,1
4HK8,1
4HLS,1
4HM6,1
4HM8,1
4HMS,1
4HMT,1
4HMV,1
4HMJ,1
4I07,1
4HNL,1
4HNO,1
4HP8,1
4HP0,1
4HP2,1
4HOJ,1
4HPD,1
4HPI,1
4HPJ,1
4HPK,1
4HPC,1
4I2U,1
4HQZ,1
4HQS,1
4I2T,1
4I2L,1
4HRO,1
4HS1,1
4HRR,1
4HRT,1
4HS5,1
4I45,1
4I3G,1
4I3B,1
4HSW,1
4HSX,1
4I4O,1
4I4P,1
4HT2,1
4HT3,1
4I4S,1
4HTQ,1
4HU2,1
4I62,1
4I5U,1
4I66,1
4HU7,1
4HTK,1
4HTN,1
4HTG,1
4I6Y,1
4I6R,1
4I71,1
4HUA,1
4HVU,1
4HVV,1
4I7V,1
4HVW,1
4I7W,1
4HVY,1
4HVK,1
4I7M,1
4HWV,1
4HWW,1
4I8K,1
4I8L,1
4HWM,1
4I8G,1
4I8H,1
4I8J,1
4HY7,1
4HXN,1
4HXQ,1
4HXS,1
4HY4,1
4HZ6,1
4HZ8,1
4HYI,1
4HZR,1
4HZF,1
4HZM,1
4IBG,1
4IBI,1
4IAU,1
4IAV,1
4J8A,1
4J82,1
4J84,1
4J86,1
4IVV,1
4J7J,1
4J7A,1
4J7D,1
4ICI,1
4IBY,1
4IDC,1
4ICV,1
4ID0,1
4ID4,1
4IEJ,1
4IG1,1
4IEZ,1
4IEP,1
4IEQ,1
4IER,1
4IES,1
4IET,1
4IEU,1
4IEW,1
4IGJ,1
4IGH,1
4IGI,1
4IFX,1
4IHK,1
4IHM,1
4IHN,1
4IGS,1
4IGT,1
4IIL,1
4IK2,1
4IJH,1
4IIX,1
4IIY,1
4IKU,1
4IKE,1
4IL7,1
4IN0,1
4IO2,1
4INW,1
4INC,1
4INE,1
4INF,1
4IOR,1
4IOO,1
4IP0,1
4J10,1
4J11,1
4IPS,1
4IPU,1
4IPV,1
4IPW,1
4IQ9,1
4IPM,1
4J20,1
4IPP,1
4J1P,1
4IPC,1
4J2S,1
4IQB,1
4J46,1
4J3V,1
4J47,1
4IRW,1
4IRX,1
4J3Y,1
4J42,1
4J44,1
4IS5,1
4J45,1
4J3I,1
4IRL,1
4ISV,1
4CK4,1
4CJG,1
4CL9,1
4CKQ,1
4CLM,1
4CO8,1
4CNX,1
4CNY,1
4CO0,1
4CNP,1
4CO3,1
4CNG,1
4CNN,1
4CNF,1
4D19,1
4D0Q,1
4D12,1
4D13,1
4COU,1
4CP6,1
4D17,1
4D1T,1
4D1W,1
4CQ0,1
4CPE,1
4CPF,1
4CQH,1
4D4A,1
4D4B,1
4D4C,1
4CS4,1
4D3P,1
4CS3,1
4CRG,1
4CST,1
4D4X,1
4D4N,1
4CT2,1
4CSS,1
4CSD,1
4D4D,1
4D6A,1
4D6E,1
4D5M,1
4D5E,1
4D5I,1
4CTJ,1
4D7B,1
4D7C,1
4CV7,1
4D77,1
4D6P,1
4D6Q,1
4D6R,1
4D6S,1
4D6G,1
4D8B,1
4D8E,1
4D7Y,1
4CW2,1
4CVR,1
4CW3,1
4CVS,1
4CW4,1
4CW6,1
4CX9,1
4D8I,1
4CY3,1
4CY7,1
4D9W,1
4CXP,1
4CZ5,1
4CZ7,1
4CYN,1
4CZN,1
4CZO,1
4CZQ,1
4CGL,1
4CGO,1
4CFY,1
4CI7,1
4CHI,1
4CJ0,1
4CIP,1
4DAT,1
4DC5,1
4DC6,1
4DE0,1
4DE1,1
4DE2,1
4DE3,1
4DDS,1
4DD5,1
4DDY,1
4DG4,1
4DFG,1
4DFA,1
4DGD,1
4DFX,1
4DHR,1
4DGZ,1
4DI9,1
4DJP,1
4DJQ,1
4DK2,1
4DJC,1
4DJA,1
4DKN,1
4DM7,1
4DLR,1
4DMT,1
4DO2,1
4DO4,1
4DND,1
4DP8,1
4DP9,1
4E19,1
4DP1,1
4DP7,1
4E0K,1
4DPZ,1
4E1Q,1
4DQ5,1
4DQ7,1
4E1H,1
4DPA,1
4DPB,1
4DPC,1
4E2Z,1
4E34,1
4E35,1
4E2V,1
4E2X,1
4DQJ,1
4E2B,1
4DQE,1
4E4A,1
4E46,1
4E3X,1
4E49,1
4E3Y,1
4E3K,1
4E3L,1
4DRM,1
4E3M,1
4DRN,1
4E3N,1
4DRO,1
4DRQ,1
4DRI,1
4DT4,1
4DT5,1
4E4U,1
4E4R,1
4DTY,1
4DVC,1
4E6U,1
4DUQ,1
4E6F,1
4DUI,1
4E7T,1
4E7U,1
2ZQT,1
2ZSC,1
2ZSS,1
2ZT4,1
2ZST,1
2ZSX,1
2ZSY,1
2ZSZ,1
2ZSN,1
2ZSO,1
2ZT0,1
2ZSP,1
2ZT1,1
2ZSQ,1
2ZT2,1
2ZSR,1
2ZT3,1
2ZU1,1
5VW4,1
5W8O,1
5W8Q,1
5VX1,1
5VX5,1
5W89,1
5W7W,1
5VXR,1
5W98,1
5WA8,1
5WA9,1
5WA5,1
5WAA,1
5WC4,1
5WC7,1
5WD9,1
5WCW,1
5WCM,1
5WCA,1
5WDQ,1
5WDP,1
5WFB,1
5WEX,1
5WG7,1
5WFY,1
5WGI,1
5WIA,1
5WHN,1
5WHP,1
5WJ3,1
5WIQ,1
5WIH,1
5WIG,1
5WK4,1
5WK0,1
5WLF,1
5WKR,1
5WL1,1
5WMD,1
5WMG,1
5WMJ,1
5WMA,1
5WLR,1
5WLU,1
5WLV,1
5WLO,1
5WMK,1
5WMQ,1
5X08,1
5WP1,1
5WP2,1
5WP4,1
5WQJ,1
5X2J,1
5X2E,1
5WQ2,1
5WPS,1
5X1S,1
5WPR,1
5WPU,1
5X40,1
5WRA,1
5WQR,1
5WQQ,1
5WSD,1
5WSF,1
5WSE,1
5X4G,1
5WS7,1
5X5J,1
5X5M,1
5X57,1
5X7L,1
5WVA,1
5X8B,1
5WWD,1
5X86,1
5WXF,1
5WXH,1
5X9M,1
5X9L,1
5WY9,1
5XA4,1
5XAV,1
5XBX,1
5XC9,1
5XC8,1
5XC3,1
5XC5,1
5XC4,1
5XBU,1
5XBI,1
5XBC,1
5XCY,1
5XCQ,1
5XD4,1
5XCT,1
5XCO,1
5XCA,1
5XDT,1
5XDH,1
5XEV,1
5XEC,1
5XFY,1
5XFC,1
5XH2,1
5XH3,1
5XIC,1
5XHZ,1
5XI4,1
5XHE,1
5XHI,1
5XHK,1
5XJ5,1
6F9K,1
6F9M,1
6EY1,1
6F9O,1
6EYM,1
6EYP,1
6EZP,1
6FA0,1
6FAL,1
6FAM,1
6FC0,1
6FC1,1
6FBB,1
6FAZ,1
6FAR,1
6FAV,1
6FAU,1
6FAW,1
6FCP,1
6FD1,1
6FCH,1
6FBZ,1
6FBW,1
6FDR,1
6FDG,1
6FDC,1
6FF1,1
6FF2,1
6FEA,1
6FG4,1
6FEX,1
6FEW,1
6FGG,1
6FFW,1
6FG8,1
6FI2,1
6FJ2,1
6FJ7,1
6FJ6,1
6FIH,1
6FIG,1
6FJT,1
6FJV,1
6FJO,1
6FJN,1
6FK2,1
6FJP,1
6FK1,1
6FIY,1
6FKW,1
6FL2,1
6FM6,1
6FM5,1
6FM7,1
6FLE,1
6FLF,1
6FMN,1
6FMB,1
6FMC,1
6FNX,1
6G09,1
6G00,1
6FO5,1
6FNG,1
6FNI,1
6FNH,1
6FNK,1
6FNJ,1
6FNM,1
6FNL,1
6G0X,1
6FOP,1
6G0P,1
6G0O,1
6G10,1
6G0R,1
6FOQ,1
6G0Q,1
6G0S,1
6G0V,1
6G0G,1
6G0D,1
6FQ1,1
6G23,1
6FPU,1
6G25,1
6FPW,1
6G28,1
6G1I,1
6FPO,1
6FPN,1
6G1G,1
6G3A,1
6FR3,1
6FR5,1
6FR4,1
6G37,1
6FQU,1
6G36,1
6G39,1
6G38,1
6G2L,1
6G2N,1
6G2M,1
6FQO,1
6G3R,1
6G47,1
6FRJ,1
6FRO,1
6G3Q,1
6FRE,1
6G5A,1
6FT4,1
6FT8,1
6FSY,1
6G4L,1
6FSN,1
6FSM,1
6FT1,1
6FSO,1
6FT3,1
6FT2,1
6FSG,1
6FSJ,1
6FSI,1
6FUB,1
6FUD,1
6FUC,1
6G65,1
6G5Y,1
6FU9,1
6G5L,1
6G5P,1
6FTD,1
6FTF,1
6FTH,1
6G7A,1
6FVE,1
6G7D,1
6G6X,1
6GM5,1
6GM9,1
6GLL,1
6GLN,1
6GLE,1
6GLH,1
6GLG,1
6GLJ,1
6GN5,1
6GMP,1
6GMC,1
6GMB,1
6H07,1
6GNR,1
6GNL,1
6GNA,1
6H0W,1
6H17,1
6H0Y,1
6H0Z,1
6H10,1
6GP2,1
6GP3,1
6H0H,1
6H0M,1
6H29,1
6H28,1
6GPO,1
6H20,1
6GPU,1
6H26,1
6GPK,1
6GQZ,1
6H2P,1
6GQS,1
6GR5,1
6GR7,1
6G6R,1
6G6T,1
6G75,1
6G6E,1
6FUH,1
6FUI,1
6G6K,1
6G8A,1
6G7N,1
6G7Q,1
6G7R,1
6FVF,1
6FVI,1
6FVH,1
6FXD,1
6FWW,1
6G8Y,1
6FWP,1
6FWO,1
6G8V,1
6G8U,1
6G96,1
6FWG,1
6FWJ,1
6G8J,1
6FWI,1
6FWL,1
6G8L,1
6G8K,1
6FWM,1
6G9Z,1
6FXU,1
6FYR,1
6FZ6,1
6FZ9,1
6FYJ,1
6FZL,1
6GAK,1
6GAJ,1
6GAM,1
6GAL,1
6GBI,1
6GBB,1
5T0S,1
5T3F,1
5T3B,1
5T36,1
5T39,1
5T38,1
5T50,1
5T55,1
5T5J,1
5T5L,1
5T71,1
5SV2,1
5T72,1
5SV5,1
5T74,1
5SUI,1
5SW2,1
5SW1,1
5SW3,1
5T7K,1
5SW0,1
5T7D,1
5SWC,1
5T8C,1
5SVY,1
5R3Y,1
5QS9,1
5R3X,1
5R3Z,1
5QU2,1
5SY4,1
5QU1,1
5QU4,1
5SY6,1
5QU3,1
5QU5,1
5QU8,1
5QU7,1
5SY9,1
5SXO,1
5T9C,1
5R4X,1
5R4W,1
5R4Z,1
5SZ5,1
5SZ6,1
5T9Z,1
5SYA,1
5R85,1
5R7W,1
5R88,1
5R87,1
5R7X,1
5R82,1
5SZD,1
5SZC,1
5SZB,1
5R8T,1
5R8K,1
5R8N,1
5R8M,1
5R8O,1
5R8Q,1
5R8D,1
5R8F,1
5R8E,1
5R8G,1
5R8I,1
5R8B,1
5R8A,1
5QY9,1
5QXO,1
5QXN,1
5QY2,1
5QXP,1
5QXJ,1
5QZ7,1
5QZ6,1
5QZ9,1
5QYZ,1
5QYM,1
5QYF,1
5QYH,1
5QZW,1
5QZO,1
5QZN,1
5TA2,1
5TA0,1
5TAB,1
5RAR,1
5RCA,1
5RCC,1
5RCB,1
5RCE,1
5RCD,1
5RBV,1
5RC7,1
5RBU,1
5RC6,1
5RBX,1
5RC9,1
5RBW,1
5RC8,1
5RBZ,1
5RBY,1
5RBP,1
5RC1,1
5RBO,1
5RC0,1
5RBR,1
5RC3,1
5RBQ,1
5RC2,1
5RBT,1
5RC5,1
5RBS,1
5RC4,1
5RDB,1
5RDA,1
5RDD,1
5RDC,1
5RDF,1
5RDE,1
5RCW,1
5RD8,1
5RCV,1
5RD7,1
5RCY,1
5RCX,1
5RD9,1
5RCZ,1
5RCO,1
5RD0,1
5RCN,1
5RCQ,1
5RD2,1
5RCP,1
5RD1,1
5RCS,1
5RD4,1
5RCR,1
5RD3,1
5RCU,1
5RD6,1
5RCT,1
5RD5,1
5RCG,1
5RCF,1
5RCI,1
5RCH,1
5RCK,1
5RCJ,1
5RCM,1
5RCL,1
5RED,1
5RDX,1
5RDW,1
5RDZ,1
5RDY,1
5RDP,1
5RE1,1
5RDO,1
5RE0,1
5RDR,1
5RE3,1
5RDQ,1
5RE2,1
5RDT,1
5RDS,1
5RDV,1
5RDU,1
5RDH,1
5RDG,1
5RDJ,1
5RDI,1
5RDL,1
5RDK,1
5RDN,1
5RDM,1
5RFB,1
5RFD,1
5RFC,1
5RFE,1
5RF9,1
5RF6,1
5RF8,1
5RFV,1
5RFW,1
5RHG,1
5RHI,1
5RHB,1
5RH4,1
5RGR,1
5RGW,1
5RGK,1
5RGJ,1
5RHY,1
5RHL,1
5RHO,1
5RHR,1
5RHQ,1
5RXN,1
5TC6,1
5TDB,1
5TDA,1
5TDR,1
5TDI,1
5TEG,1
5TG1,1
5TG0,1
5TFQ,1
5TG4,1
5TH4,1
5TIE,1
5TID,1
5TIF,1
5THK,1
5THN,1
5TI0,1
5TIU,1
5TIV,1
5TKG,1
5TKH,1
5TK4,1
5TJX,1
5TJK,1
5TJN,1
5TK2,1
5TKW,1
5TL9,1
5U0I,1
5TP0,1
5TON,1
5U0E,1
5TOG,1
5TOF,1
5U0F,1
5TNW,1
5U00,1
5TNT,1
5TNV,1
5TPI,1
5TQ1,1
5TOY,1
5TOQ,1
5TOP,1
5TOR,1
5TOT,1
5U2K,1
5TQJ,1
5U2O,1
5U2I,1
5U23,1
5YN4,1
5YMX,1
5Z0D,1
5Z0F,1
5YOE,1
5Z0E,1
5Z0H,1
5YOG,1
5Z0G,1
5Z0J,1
5Z0I,1
5YOB,1
5YNS,1
5YO4,1
5YO6,1
5Z05,1
5YNX,1
5Z02,1
5Z1C,1
5Z1B,1
5YOV,1
5YP7,1
5Z0U,1
5Z0X,1
5YP8,1
5Z0L,1
5YOK,1
5Z0K,1
5YQA,1
5Z1T,1
5Z1X,1
5Z29,1
5Z1S,1
5Z3F,1
5YRH,1
5YRK,1
5Z3A,1
5Z3B,1
5YRE,1
5Z3E,1
5Z3D,1
5Z37,1
5YQW,1
5YQO,1
5ZCK,1
5ZDM,1
5ZF3,1
5ZG2,1
5ZG1,1
5ZGZ,1
5ZGR,1
5ZGT,1
5ZGW,1
5ZGV,1
5ZGY,1
5ZGX,1
5ZH9,1
5ZGM,1
5ZGL,1
5ZH0,1
5ZGP,1
5ZH1,1
5ZGE,1
5ZGD,1
5ZGF,1
5ZGI,1
5ZHS,1
5ZHZ,1
5ZHO,1
5ZHR,1
5ZJC,1
5ZIW,1
5ZJ8,1
5ZJ7,1
5ZIM,1
5ZIL,1
5ZIO,1
5ZIN,1
5ZJ2,1
5ZJ1,1
5ZJ4,1
5ZII,1
5ZKE,1
5ZKZ,1
5ZMZ,1
5ZN2,1
5ZN1,1
5ZN0,1
5ZO3,1
5ZRG,1
5ZRK,1
5ZRC,1
5ZRY,1
5ZRO,1
5ZRR,1
5ZRQ,1
5ZRS,1
5ZTD,1
5ZT3,1
5ZUN,1
5ZU9,1
5ZU6,1
5ZVP,1
5ZWP,1
5ZW7,1
5ZXF,1
5ZXE,1
5ZX8,1
5ZYE,1
5ZYD,1
5ZXW,1
5ZZP,1
5ZZR,1
5ZZQ,1
5ZZT,1
5ZZS,1
5ZZE,1
5ZZX,1
5ZZZ,1
6A02,1
6A1A,1
6A1B,1
6A0V,1
6A11,1
6A10,1
6A27,1
6A1N,1
6A24,1
6A1H,1
6A1L,1
6A2Q,1
6A36,1
6A5D,1
6A4U,1
6A56,1
6A66,1
6A8K,1
6AAO,1
6AB0,1
6AB2,1
6AB1,1
6AAC,1
6AAD,1
6AC0,1
6AC2,1
6AC5,1
6ABL,1
6ABN,1
6ABM,1
6AE9,1
6ADF,1
6AF7,1
6AF9,1
6AEM,1
6AEA,1
6AG8,1
6AFN,1
6AFM,1
6AFP,1
6AFO,1
6AFD,1
6AFC,1
6AFJ,1
6AGN,1
6AGR,1
6AIQ,1
6AIS,1
6AIR,1
6AIL,1
6AID,1
6AJW,1
6AJZ,1
6AJP,1
6AJR,1
6AJQ,1
6AJV,1
6AKN,1
6AM7,1
6ALC,1
6AN4,1
6AML,1
6AMG,1
6AOA,1
6AO9,1
6ANN,1
6ANM,1
6B00,1
5XKR,1
5XKV,1
5XL0,1
5XM5,1
5XLU,1
5XN3,1
5XN9,1
5XMO,1
5XPF,1
5Y1F,1
5Y1G,1
5XP6,1
5Y0M,1
5Y0L,1
5XQK,1
5XQA,1
5Y23,1
5XPS,1
5XRD,1
5XRE,1
5XQV,1
5Y37,1
5XR0,1
5XQN,1
5XQP,1
5Y2S,1
5Y34,1
5XQR,1
5Y2R,1
5XQU,1
5Y4J,1
5XSM,1
5Y4M,1
5XT0,1
5XSA,1
5XSB,1
5XRY,1
5Y45,1
5XRV,1
5XS6,1
5Y46,1
5XTL,1
5Y5G,1
5Y4Z,1
5XT4,1
5Y4T,1
5XUF,1
5XU2,1
5XTV,1
5XTU,1
5XTX,1
5XU9,1
5XW2,1
5Y7F,1
5XVE,1
5XVJ,1
5Y90,1
5XX2,1
5XX3,1
5Y8C,1
5XVT,1
5Y9A,1
5XX6,1
5XX5,1
5XX8,1
5Y98,1
5XX7,1
5XYQ,1
5XYP,1
5XYS,1
5XZ4,1
5Y9X,1
5Y9Z,1
5XZN,1
5XZM,1
5YBY,1
5YC6,1
5YD3,1
5YD4,1
5YCH,1
5YCE,1
5YDE,1
5YDF,1
5YEM,1
5Z42,1
5YS1,1
5YTL,1
5YSX,1
5YSQ,1
5YUJ,1
5YUI,1
5YUK,1
5Z5P,1
5YVK,1
5YW0,1
5YVN,1
5YX1,1
5Z8P,1
5YWR,1
5Z8A,1
5YW3,1
5Z89,1
5Z9P,1
5YXG,1
5Z9G,1
5Z9H,1
5Z95,1
5Z99,1
5YYP,1
5YYR,1
5YYQ,1
5Z9Y,1
5ZB0,1
5ZBZ,1
5YGB,1
5YFE,1
5YH4,1
5YHR,1
5YIU,1
5YJ6,1
5YKA,1
5YLG,1
5YKZ,1
5YL0,1
5YKR,1
5YL7,1
5YKU,1
6CDJ,1
6CDL,1
6CF3,1
6CEW,1
6CEH,1
6CDX,1
6CHX,1
6CHE,1
6CIW,1
6CJ2,1
6CKP,1
6CKE,1
6CN8,1
6COA,1
6D0A,1
6CNU,1
6CNW,1
6CNE,1
6CNG,1
6CPB,1
6D1B,1
6D1A,1
6D16,1
6D15,1
6D18,1
6D17,1
6D19,1
6COJ,1
6BT1,1
6C4Q,1
6BSU,1
6BT6,1
6BSL,1
6BU3,1
6BTI,1
6BTH,1
6BTK,1
6C7E,1
6C7A,1
6C74,1
6C79,1
6C7Z,1
6C7W,1
6C7M,1
6BXD,1
6BXG,1
6BWZ,1
6BWL,1
6BXV,1
6BXX,1
6C9X,1
6C9O,1
6BXP,1
6CAF,1
6CBN,1
6CBA,1
6CAX,1
6CB9,1
6CD4,1
6CBU,1
6CPZ,1
6D1L,1
6D1K,1
6D1M,1
6D1D,1
6D1C,1
6D1F,1
6D1E,1
6D1H,1
6D1G,1
6D1J,1
6D1I,1
6D3B,1
6CQP,1
6D31,1
6D4C,1
6D4B,1
6D3Y,1
6D40,1
6CTE,1
6CSP,1
6D4R,1
6D4K,1
6CTZ,1
6D7A,1
6CUK,1
6D6J,1
6CUN,1
6CW7,1
5JWH,1
5JXN,1
5JXM,1
5JXQ,1
5JZY,1
5KBK,1
5KB6,1
5KAR,1
5KB3,1
5KBM,1
5KBL,1
5KDI,1
5KCZ,1
5KCP,1
5KCO,1
5KDZ,1
5KF9,1
5KHM,1
5KI1,1
5KGR,1
5KH9,1
5JNT,1
5JO8,1
5K08,1
5K01,1
5JMX,1
5K0R,1
5JP7,1
5JOO,1
5JOB,1
5K0I,1
5K26,1
5K1L,1
5K1K,1
5K1P,1
5JQ0,1
5JPH,1
5JQT,1
5K2L,1
5JQN,1
5K2N,1
5K2Q,1
5K2P,1
5K34,1
5JQF,1
5K2I,1
5JRY,1
5JS3,1
5JS4,1
5JRA,1
5JRD,1
5K3D,1
5JSW,1
5JSV,1
5JSY,1
5JT9,1
5K4X,1
5JT1,1
5K4P,1
5JSS,1
5JT4,1
5JSU,1
5JT5,1
5K4F,1
5JSH,1
5JSK,1
5JSL,1
5K4B,1
5JSD,1
5JU9,1
5K68,1
5JTS,1
5K5B,1
5KJ1,1
5KHZ,1
5KHT,1
5KJO,1
5KJE,1
5KJF,1
5KJC,1
5KJ6,1
5KJ9,1
5KJZ,1
5KM2,1
5KM4,1
5KM3,1
5KMC,1
5KLY,1
5KM9,1
5KO4,1
5L03,1
5KO6,1
5KO5,1
5KNG,1
5KMW,1
5L0T,1
5L0S,1
5L0V,1
5L0N,1
5KP1,1
5L20,1
5L2V,1
5KQL,1
5KQR,1
5L3U,1
5L41,1
5L4R,1
5L4S,1
5L4F,1
5L4I,1
5L4L,1
5KTW,1
5KTX,1
5KTO,1
5KTN,1
5KTS,1
5KTR,1
5KU3,1
5KTU,1
5KTM,1
5KUP,1
5L6Q,1
5TRQ,1
5U3A,1
5TSP,1
5U4S,1
5U53,1
5U4E,1
5U4H,1
5U4B,1
5TS8,1
5U61,1
5U5O,1
5U64,1
5TTC,1
5U5V,1
5U5U,1
5U69,1
5U5W,1
5U5Z,1
5U5Y,1
5U81,1
5TVO,1
5U8P,1
5U8U,1
5TWT,1
5U8V,1
5UJO,1
5UJP,1
5ULB,1
5UL6,1
5UL8,1
5UMF,1
5UMH,1
5ULN,1
5UM2,1
5UM1,1
5UM3,1
5UMP,1
5V0M,1
5V01,1
5V1M,1
5UOZ,1
5V0Z,1
5UOV,1
5V2O,1
5UQA,1
5V1Y,1
5UPZ,1
5UQ6,1
5V1V,1
5V3N,1
5V3C,1
5UQZ,1
5V2Z,1
5V2Y,1
5V32,1
5V2T,1
5V34,1
5V37,1
5USP,1
5V4H,1
5V4G,1
5URT,1
5UU2,1
5V5R,1
5UTI,1
5U8A,1
5U8F,1
5TVY,1
5TY3,1
5TY6,1
5TY8,1
5TXJ,1
5TXD,1
5U9D,1
5TXH,1
5TZ5,1
5TXY,1
5TZL,1
5TZM,1
5TZP,1
5UAM,1
5UCS,1
5UD9,1
5UCP,1
5UD3,1
5UCQ,1
5UDP,1
5UE1,1
5UF0,1
5UF2,1
5UEJ,1
5UGD,1
5UG8,1
5UFY,1
5UG9,1
5UFN,1
5UG2,1
5UFH,1
5UGG,1
5UJC,1
5UJ3,1
5UJ4,1
5UII,1
5L74,1
5L77,1
5KVQ,1
5KVS,1
5KVR,1
5L87,1
5KVB,1
5KVG,1
5KVF,1
5L8Z,1
5L9A,1
5KWS,1
5KWI,1
5KWN,1
5KWM,1
5L8P,1
5KWF,1
5KXZ,1
5KXS,1
5KY4,1
5KXR,1
5KXU,1
5KXT,1
5KXW,1
5KXV,1
5KXY,1
5KXX,1
5KXK,1
5KXM,1
5KXL,1
5KXO,1
5KXN,1
5KY2,1
5KXP,1
5KY1,1
5KXH,1
5KZ6,1
5KYC,1
5KYF,1
5KZZ,1
5LAB,1
5LBI,1
5LAU,1
5LAL,1
5LAP,1
5LCE,1
5LBZ,1
5LBY,1
5LBN,1
5LDG,1
5LCQ,1
5LCP,1
5LE1,1
5LF9,1
5LGO,1
5LFT,1
5LHM,1
5LH4,1
5LIO,1
5LIN,1
5LJ2,1
5LIF,1
5LHV,1
5LHW,1
5LJM,1
5LJP,1
5LJQ,1
5LJC,1
5LJE,1
5LJG,1
5LJB,1
5LL4,1
5LKK,1
5LKA,1
5LKB,1
5LJT,1
5LK4,1
5LJX,1
5LK9,1
5LLP,1
5LLG,1
5LLL,1
5LLC,1
5LL5,1
5LL8,1
5LKV,1
5LL7,1
5LL9,1
5LMM,1
5LMA,1
5LM6,1
5LLZ,1
5M03,1
5LO5,1
5LNJ,1
5LNI,1
5LND,1
5M13,1
5M0W,1
5M17,1
5LOK,1
5M0L,1
5LP0,1
5M10,1
5M0N,1
5M1Q,1
5LQ5,1
5LPS,1
5LQ6,1
5M28,1
5M1K,1
5M1N,1
5LQ1,1
5M1P,1
5LPO,1
5LPA,1
5LP9,1
5M33,1
5M2T,1
5M39,1
5M2K,1
5M2O,1
5LR1,1
5M2P,1
5M2H,1
5LQA,1
5LS4,1
5LS7,1
5M3W,1
5M3Z,1
5LRY,1
5LRL,1
5LT5,1
5LSV,1
5M4V,1
5M4Z,1
5M4L,1
5M4G,1
5LSH,1
5LSC,1
5M69,1
5M5Z,1
5LTR,1
5M5F,1
5LTL,1
5M5D,1
5M78,1
5M6V,1
5M77,1
5M6Y,1
5M79,1
5LUN,1
5M71,1
5LUS,1
5LUK,1
5LUD,1
5LVO,1
5LW3,1
5LVS,1
5LVL,1
5LVN,1
5LVM,1
5M7A,1
5LVD,1
5M7D,1
5LWX,1
5NXI,1
5NXM,1
5O9M,1
5NYY,1
5NZ4,1
5NZ5,1
5NYI,1
5NYK,1
5NYM,1
5NYA,1
5NZX,1
5NZP,1
5NZO,1
5OLQ,1
5OM2,1
5OL4,1
5OL9,1
5OME,1
5OLR,1
5OLT,1
5OLX,1
5ONN,1
5ONQ,1
5P02,1
5ONP,1
5ONR,1
5P03,1
5ONK,1
5OMT,1
5P0N,1
5P0M,1
5P0P,1
5P11,1
5P0O,1
5P10,1
5OP3,1
5P0R,1
5P13,1
5P0Q,1
5P0T,1
5P15,1
5P0S,1
5P14,1
5P0F,1
5OOH,1
5OOG,1
5P0G,1
5P0J,1
5P0I,1
5P06,1
5P20,1
5P1Q,1
5P22,1
5OQ1,1
5P1P,1
5P21,1
5P1S,1
5OQ3,1
5P1R,1
5P1U,1
5P26,1
5OQ5,1
5P1T,1
5P25,1
5P1G,1
5OPF,1
5P1F,1
5P1I,1
5P1J,1
5P1L,1
5OPA,1
5P1A,1
5P1C,1
5P1B,1
5P1D,1
5OOV,1
5P0V,1
5P17,1
5P0U,1
5OP9,1
5P0X,1
5P19,1
5P0W,1
5P18,1
5P0Z,1
5P0Y,1
5P31,1
5P2O,1
5P2R,1
5P33,1
5P2Q,1
5P32,1
5P2T,1
5P35,1
5P2S,1
5P34,1
5P2V,1
5P37,1
5P2U,1
5P36,1
5P2G,1
5P2I,1
5P2L,1
5P2M,1
5P2A,1
5P2D,1
5P1W,1
5P28,1
5P1V,1
5P27,1
5P1X,1
5P29,1
5OPZ,1
5P1Z,1
5P3Q,1
5P42,1
5P3P,1
5P41,1
5P3S,1
5P44,1
5P3R,1
5P43,1
5P3U,1
5P46,1
5P3T,1
5P45,1
5P3W,1
5P48,1
5P3V,1
5P47,1
5P3I,1
5P3H,1
5P3J,1
5P3M,1
5P3L,1
5P3O,1
5P40,1
5P3N,1
5P3A,1
5P3C,1
5P3B,1
5P3E,1
5P3D,1
5P3G,1
5P3F,1
5P2X,1
5P39,1
5P38,1
5OQZ,1
5P4R,1
5P53,1
5P52,1
5P55,1
5P4S,1
5P54,1
5P4V,1
5P57,1
5P4U,1
5P56,1
5P59,1
5P4W,1
5P58,1
5P4I,1
5P4L,1
5P4K,1
5P4N,1
5P4M,1
5P51,1
5P4O,1
5P50,1
5P4B,1
5P4A,1
5P4D,1
5P4C,1
5P4F,1
5P4E,1
5P4H,1
5P4G,1
5P3Y,1
5P3X,1
5P49,1
5P3Z,1
5P5S,1
5P64,1
5P5R,1
5P63,1
5P5U,1
5P66,1
5P5T,1
5P65,1
5P5W,1
5P68,1
5P5V,1
5P67,1
5OTY,1
5P5Y,1
5P5X,1
5P69,1
5P5K,1
5P5J,1
5P5M,1
5OU0,1
5P5O,1
5P60,1
5OTN,1
5OTQ,1
5OU2,1
5P5Q,1
5P62,1
5P5P,1
5P61,1
5P5C,1
5P5B,1
5P5E,1
5P5F,1
5P5I,1
5P5H,1
5P4Z,1
5P4Y,1
5P5A,1
5P6T,1
5P75,1
5P6S,1
5P74,1
5P6V,1
5P77,1
5P6U,1
5P76,1
5P6X,1
5P79,1
5P6Z,1
5P6Y,1
5OUL,1
5P6L,1
5OUK,1
5P6N,1
5P6M,1
5P6P,1
5P71,1
5OUO,1
5P6O,1
5P70,1
5OUR,1
5P6R,1
5P73,1
5P6Q,1
5P72,1
5P6D,1
5OUC,1
5P6C,1
5P6F,1
5P6E,1
5P6H,1
5P6G,1
5OUJ,1
5P6J,1
5P6I,1
5OTZ,1
5P5Z,1
5P6B,1
5P6A,1
5P7U,1
5P86,1
5P7T,1
5P85,1
5P7W,1
5P88,1
5OVV,1
5P7V,1
5P87,1
5P7X,1
5P89,1
5P7Z,1
5P7M,1
5P7L,1
5P7O,1
5P80,1
5P7Q,1
5P82,1
5P7P,1
5P7S,1
5P84,1
5P7R,1
5P7E,1
5P7D,1
5P7G,1
5P7F,1
5P7I,1
5P7H,1
5OVK,1
5P7K,1
5P7J,1
5P7A,1
5P7C,1
5P7B,1
5P97,1
5P8U,1
5P96,1
5P8X,1
5P99,1
5OX8,1
5P98,1
5P8Z,1
5P8Y,1
5P8N,1
5P8M,1
5P8P,1
5P91,1
5P8O,1
5P90,1
5P8R,1
5P93,1
5P8Q,1
5P8T,1
5P95,1
5P8S,1
5P94,1
5P8F,1
5P8E,1
5P8H,1
5P8G,1
5P8J,1
5P8I,1
5P8L,1
5OWK,1
5P8K,1
5P8A,1
5P8D,1
5P8C,1
5P9W,1
5P9V,1
5P9Y,1
5P9X,1
5OXZ,1
5P9O,1
5P9N,1
5OY2,1
5OY1,1
5P9P,1
5OXU,1
5P9U,1
5OXT,1
5P9T,1
5P9I,1
5P9K,1
5P9J,1
5P9M,1
5P9L,1
5OXA,1
5OXC,1
5OXB,1
5P9B,1
5P9D,1
5OYW,1
5OYZ,1
5OYY,1
5OZ1,1
5OZ0,1
5OYR,1
5OYQ,1
5OZ5,1
5OZ4,1
5OYV,1
5OYU,1
5OZY,1
5OZX,1
5OZP,1
5OZU,1
5OZV,1
5OZH,1
5OZK,1
5OZJ,1
5OZM,1
5OZN,1
5OZA,1
5OZB,1
5OZE,1
5OZD,1
5OZG,1
5PAE,1
5PA6,1
5PA1,1
5PA0,1
5PA2,1
5PAV,1
5PAX,1
5PAO,1
5PB2,1
5PAS,1
5PAG,1
5PG1,1
5PHF,1
5PHE,1
5PHG,1
5PHJ,1
5PHL,1
5PHK,1
5PHB,1
5PHA,1
5PHD,1
5PHC,1
5PH5,1
5PH8,1
5PH7,1
5PH9,1
5PH0,1
5PH2,1
5PH1,1
5PH4,1
5PH3,1
5PIG,1
5PIF,1
5PII,1
5PIJ,1
5PIM,1
5PIA,1
5PIC,1
5PIE,1
5PI6,1
5PHX,1
5PI9,1
5PHW,1
5PI8,1
5PHZ,1
5PHY,1
5PHN,1
5PHM,1
5PI1,1
5PHO,1
5PI3,1
5PI5,1
5PI4,1
5PJH,1
5PJG,1
5PJI,1
5PJN,1
5PJM,1
5PJD,1
5PJC,1
5PJF,1
5PJE,1
5PIW,1
5PJ8,1
5PIV,1
5PJ7,1
5PIY,1
5PIX,1
5PIZ,1
5PJ0,1
5PJ2,1
5PIP,1
5PJ1,1
5PIS,1
5PIR,1
5PJ3,1
5PIU,1
5PJ6,1
5PJ5,1
5PKI,1
5PKH,1
5PKJ,1
5PKM,1
5PKL,1
5PL0,1
5PKN,1
5PKC,1
5PKB,1
5PKE,1
5PKF,1
5PJX,1
5PK9,1
5PK8,1
5PJZ,1
5PJY,1
5PJP,1
5PK1,1
5PJO,1
5PK0,1
5PJR,1
5PK3,1
5PJQ,1
5PK2,1
5PK5,1
5PJV,1
5PK7,1
5PJU,1
5PLJ,1
5PLI,1
5PLL,1
5PLK,1
5PLN,1
5PLM,1
5PLP,1
5PLO,1
5PLB,1
5PLA,1
5PLD,1
5PLC,1
5PLF,1
5PLE,1
5PLH,1
5PLG,1
5PKY,1
5PKX,1
5PKQ,1
5PL2,1
5PKP,1
5PL1,1
5PL4,1
5PKR,1
5PL3,1
5PKU,1
5PL6,1
5PKW,1
5PKV,1
5PL7,1
5PMK,1
5PMJ,1
5PMM,1
5PN0,1
5PMQ,1
5PN2,1
5PN1,1
5PME,1
5PMF,1
5PLY,1
5PMA,1
5PM3,1
5PLQ,1
5PM4,1
5PLV,1
5PM7,1
5PLU,1
5PLX,1
5PLW,1
5PNL,1
5PNK,1
5PNN,1
5PNM,1
5PNP,1
5PO0,1
5PNR,1
5PNQ,1
5PND,1
5PNC,1
5PNF,1
5PNE,1
5PNH,1
5PNG,1
5PNJ,1
5PNI,1
5PMZ,1
5PNB,1
5PMS,1
5PN4,1
5PMU,1
5PN6,1
5PMT,1
5PN5,1
5PMW,1
5PN8,1
5PMV,1
5PN7,1
5PMY,1
5PMX,1
5PN9,1
5POO,1
6RNP,1
6RP1,1
6RP2,1
6S0C,1
6ROE,1
6S0G,1
6RNZ,1
6ROB,1
6RO3,1
6S03,1
6RO6,1
6RNV,1
6S07,1
6RPN,1
6RQ1,1
6S1H,1
6S1J,1
6S1B,1
6ROT,1
6RP5,1
6S14,1
6S17,1
6S2M,1
6RQQ,1
6S32,1
6S2S,1
6S34,1
6RQE,1
6RQI,1
6RQB,1
6RQD,1
6RQ6,1
6S25,1
6RQ8,1
6RQ9,1
6S42,1
6RS4,1
6S43,1
6RS5,1
6RRG,1
6RRI,1
6RRA,1
6RQU,1
6RQW,1
6RT1,1
6RT3,1
6RT2,1
6RRV,1
6RS9,1
6RTP,1
6RU1,1
6S5P,1
6S5S,1
6RU3,1
6S5W,1
6RTV,1
6S5V,1
6RSZ,1
6RUW,1
6RUK,1
6RUN,1
6RUC,1
6RUH,1
6RUG,1
6RU9,1
6S7U,1
6S7W,1
6RW7,1
6RW0,1
6RVN,1
6S7N,1
6RVQ,1
6RVP,1
6RVE,1
6RVG,1
6RWT,1
6S9Z,1
6RY3,1
6S9G,1
6RXK,1
6RXA,1
6RYN,1
6RYM,1
6RYG,1
6RYJ,1
6RZY,1
6RZX,1
6SAC,1
6SA5,1
6SAU,1
6SAV,1
6SB7,1
6SAY,1
6SAO,1
6SAN,1
6SAS,1
6SCD,1
6SBN,1
6SBO,1
6SBQ,1
6SBH,1
6SD7,1
6SDS,1
6SE4,1
6SDJ,1
6SFE,1
6SFG,1
6SID,1
6SHU,1
6SHZ,1
6SI1,1
6SI3,1
6SJA,1
6SJ8,1
6SJ2,1
6SJ3,1
6SLG,1
6SLL,1
6SL9,1
6T10,1
6T12,1
6T0P,1
6T11,1
6T0D,1
6T02,1
6T08,1
6SPL,1
6SPN,1
6SPP,1
6SPO,1
6SPR,1
6SPQ,1
6T0Z,1
6T1B,1
6SP6,1
6SOV,1
6T0Y,1
6SP9,1
6T0X,1
6SQO,1
6TEP,1
6TEQ,1
6THF,1
6TGK,1
6THS,1
6THT,1
6TJH,1
6TJ2,1
6TJQ,1
6TM3,1
6TN1,1
6TN6,1
6TOK,1
6U10,1
6U1A,1
6U14,1
6TOV,1
6TPZ,1
6U1T,1
6TPX,1
6U43,1
6TRG,1
6TQV,1
6TR7,1
6TR6,1
6U53,1
6U4Q,1
6U4T,1
6TTO,1
6TTN,1
6TU6,1
6U66,1
6U4U,1
6U4W,1
6U4Z,1
6U7P,1
6TVI,1
6TVL,1
6U7O,1
6TVE,1
6TVG,1
6U6W,1
6TWT,1
6TX5,1
6TX4,1
6TX7,1
6U97,1
6TX6,1
6TX9,1
6TWW,1
6TX8,1
6U8B,1
6TXW,1
6TXG,1
6TYU,1
6TYY,1
6TYM,1
6TZ3,1
6SQP,1
6T2H,1
6T2K,1
6SPT,1
6T29,1
6SS1,1
6SS3,1
6T3Q,1
6SRH,1
6T2T,1
6SSG,1
6SSF,1
6SSH,1
6T4A,1
6SSD,1
6T3X,1
6SRW,1
6SRZ,1
6SRY,1
6T5V,1
6STL,1
6T5K,1
6T5B,1
6SV6,1
6SUT,1
6SV8,1
6SV0,1
6T6C,1
6T5W,1
6STZ,1
6SVR,1
6SW3,1
6T84,1
6SVV,1
6SVU,1
6SVX,1
6SVW,1
6SVJ,1
6SVI,1
6SVN,1
6SW0,1
6SVB,1
6SVD,1
6SVG,1
6SUX,1
6SV9,1
6SWV,1
6SWN,1
6SX1,1
6T8I,1
6SVZ,1
6SXT,1
6SXV,1
6SXU,1
6SY3,1
6T9B,1
6SYU,1
6SZ8,1
6SYV,1
6SYR,1
6SZ3,1
6SYJ,1
6SZX,1
6SZN,1
6SZM,1
6SZL,1
6TAN,1
6TBX,1
6TCV,1
6TD1,1
6TD0,1
6TCR,1
6TDP,1
6CW0,1
6D9I,1
6CWR,1
6CWK,1
6CWM,1
6CYH,1
6CXX,1
6D9Y,1
6CXK,1
6D9N,1
6D9M,1
6CYV,1
6CZU,1
6DBA,1
6DBC,1
6DCM,1
6DCG,1
6DCJ,1
6DDP,1
6DDJ,1
6DDM,1
6DF4,1
6DDW,1
6DG4,1
6DGM,1
6DGA,1
6DGG,1
6DI6,1
6DHT,1
6DI5,1
6DI9,1
6DI0,1
6DI2,1
6DI1,1
6DJ7,1
6DIX,1
6DIY,1
6DIL,1
6DJ1,1
6DJ0,1
6DJ2,1
6DIF,1
6DJC,1
6DKZ,1
6DKY,1
6DL1,1
6DL0,1
6DL2,1
6DLG,1
6DN7,1
6DMH,1
6DMJ,1
6DNM,1
6DNO,1
6E1Z,1
6E2B,1
6DQ4,1
6DQ8,1
6E28,1
6E1Y,1
6E1X,1
6E1F,1
6E3A,1
6DR8,1
6DQH,1
6E4A,1
6E4D,1
6DS9,1
6E3D,1
6E3I,1
6E3J,1
6DSP,1
6DT3,1
6E4F,1
6DUB,1
6DTV,1
6DTZ,1
6E5Z,1
6DTN,1
6E5F,1
6E5L,1
6E7E,1
6E78,1
6DV0,1
6E6O,1
6E6Q,1
6E72,1
6DV4,1
6E6S,1
6E6K,1
6E6N,1
6E85,1
6E7J,1
6DVM,1
6E9A,1
6DWR,1
6DWQ,1
6DYC,1
6DYF,1
6DYG,1
6DZ4,1
6DYW,1
6EA2,1
6EAU,1
6EAT,1
6EAW,1
6EAV,1
6EAX,1
6ED0,1
6EDM,1
6EDF,1
6EDG,1
6ECT,1
6ECY,1
6EF6,1
6EDV,1
6EE7,1
6EHK,1
6EI0,1
6EIM,1
6EIO,1
6EJ2,1
6EKW,1
6EKY,1
6EKX,1
6EKZ,1
6EKN,1
6EKP,1
6EKG,1
6ELV,1
6EM7,1
6ELX,1
6ELW,1
6ELM,1
6EM2,1
6ELT,1
6ELS,1
6ELG,1
6ELB,1
6ELA,1
6ELC,1
6EMN,1
6ENP,1
6ENS,1
6ENI,1
6ENN,1
6EOX,1
6F0Q,1
6EP1,1
6F0P,1
6F0W,1
6F17,1
6EOG,1
6F1R,1
6EQ4,1
6F1J,1
6F1L,1
6F1M,1
6F1P,1
6F1O,1
6F3B,1
6EQS,1
6ER4,1
6ER3,1
6F2J,1
6EQM,1
6F2N,1
6F2Q,1
6ER1,1
6EQE,1
6F2I,1
6ESA,1
6F47,1
6ES9,1
6VJ3,1
6VIP,1
6VKG,1
6VJU,1
6VOD,1
6VOE,1
6VNU,1
6UAR,1
6UB6,1
6UB5,1
6UAX,1
6UAQ,1
6UBD,1
6UCE,1
6UCF,1
6UDV,1
6UFS,1
6UGZ,1
6UGQ,1
6UGP,1
6UGR,1
6UGO,1
6UH0,1
6UGN,1
6UHZ,1
6UHY,1
6UI0,1
6UJH,1
6UIU,1
6UIY,1
6UJK,1
6UK3,1
6ULL,1
6UMK,1
6ULO,1
6UNB,1
6UMV,1
6UMU,1
6UOC,1
6UOF,1
6UNX,1
6UO3,1
6UO5,1
6UO4,1
6UO7,1
6V1J,1
6V1M,1
6V1P,1
6V1B,1
6UPG,1
6V0U,1
6V2O,1
6UR1,1
6V2P,1
6UQ8,1
6US3,1
6UQZ,1
6UQS,1
6UR3,1
6UQU,1
6UQT,1
6UQV,1
6V54,1
6V4G,1
6V4F,1
6V4W,1
6V71,1
6V7P,1
6V7Q,1
6V7T,1
6V7S,1
6V7G,1
6UVJ,1
6UUY,1
6UWP,1
6UX1,1
6UWV,1
6UXJ,1
6UWX,1
6UYR,1
6UYV,1
6UYP,1
6UYZ,1
6VA5,1
6VAG,1
6VCX,1
6VCW,1
6VD1,1
6VET,1
6VH6,1
6VIG,1
6Y1J,1
6Y1C,1
6Y1B,1
6Y1E,1
6Y0Z,1
6Y10,1
6Y0S,1
6Y3A,1
6Y3E,1
6XVM,1
6Y80,1
6W3O,1
6Y82,1
6Y84,1
6W3P,1
6XVD,1
6W3D,1
8ABP,1
6W34,1
6W4L,1
6XX3,1
6XX2,1
6XX5,1
6XX4,1
6Y8H,1
6XWK,1
6W3S,1
6W3R,1
6XVT,1
6Y7W,1
6W3V,1
6XVX,1
6Y7X,1
6W3Y,1
6W3X,1
6Y7Z,1
6XY0,1
6XXT,1
6XXJ,1
6VUJ,1
6XYB,1
6XYA,1
6XY7,1
6W80,1
6VVN,1
6W6Y,1
6YA6,1
7C2A,1
6YB7,1
7BRR,1
6YBM,1
6YCU,1
6YCW,1
6YDR,1
7A3H,1
6WBZ,1
7BWH,1
6YFX,1
6YFW,1
6WBW,1
6YHD,1
6YGW,1
6YGX,1
6YGM,1
6YGL,1
6YGO,1
6YH2,1
6YGP,1
6YGS,1
6YH3,1
6WCF,1
6YGK,1
6WEY,1
6WEN,1
6YIP,1
6YIM,1
6YIL,1
6YK3,1
6YK5,1
6YK4,1
6YK6,1
6WHF,1
8RXN,1
6WGM,1
6YMD,1
6WIP,1
6WJM,1
6YPE,1
6YQM,1
6YQD,1
6YPR,1
6YQO,1
6YQN,1
6YQP,1
6Z36,1
6WNP,1
6YUN,1
6WUP,1
6X7N,1
6YYZ,1
6WZQ,1
6WZO,1
7RSA,1
7ATJ,1
8A3H,1
7FD1,1
7FDR,1
6PRF,1
6Q3F,1
6Q2Y,1
6Q4Q,1
6PT4,1
6Q54,1
6Q4J,1
6Q4I,1
6Q4K,1
6Q4B,1
6PSA,1
6Q4A,1
6Q4D,1
6Q4F,1
6Q4E,1
6Q4H,1
6Q4G,1
6Q3Y,1
6PS9,1
6Q49,1
6Q5L,1
6Q5O,1
6Q5Q,1
6Q5P,1
6Q61,1
6Q5H,1
6Q6T,1
6Q6V,1
6Q6W,1
6Q6C,1
6PVU,1
6Q7E,1
6Q7D,1
6Q7G,1
6Q7F,1
6Q7I,1
6PVJ,1
6Q7C,1
6Q7B,1
6Q8M,1
6PWR,1
6PWS,1
6Q8G,1
6Q9Y,1
6Q9O,1
6Q9L,1
6PYW,1
6PYV,1
6PYJ,1
6PYM,1
6PZD,1
6QAZ,1
6QBU,1
6QDB,1
6QDC,1
6QDF,1
6QDE,1
6QDH,1
6QD9,1
6QDY,1
6QDI,1
6QE0,1
6QF9,1
6QEO,1
6QEN,1
6QGE,1
6QGF,1
6QFV,1
6QFX,1
6QFW,1
6QHG,1
6QHJ,1
6QHL,1
6QGV,1
6QIH,1
6QHM,1
6QJL,1
6QJK,1
6QJU,1
6QLN,1
6QLP,1
6QLO,1
6QLA,1
6QL2,1
6QL1,1
6QL3,1
6QLR,1
6QLQ,1
6QLT,1
6QLS,1
6QLU,1
6R01,1
6QP1,1
6R0R,1
6QOK,1
6R0K,1
6R0A,1
6QOB,1
6R04,1
6QNV,1
6QO9,1
6R09,1
6QO8,1
6R08,1
6QPP,1
6QQ0,1
6QPR,1
6QPS,1
6QPK,1
6R1D,1
6RCA,1
6RCF,1
6RD2,1
6RCH,1
6RCG,1
6RCJ,1
6REG,1
6RFH,1
6REL,1
6REK,1
6REN,1
6RGH,1
6RG4,1
6RG3,1
6RG5,1
6RHD,1
6RHG,1
6RHF,1
6RHI,1
6RHH,1
6RHK,1
6RHJ,1
6RHB,1
6RH4,1
6RGP,1
6RIG,1
6RII,1
6RIL,1
6RIK,1
6RHU,1
6RI6,1
6RI8,1
6RHX,1
6RHL,1
6RHO,1
6RI0,1
6RI2,1
6RI4,1
6RHR,1
6RJI,1
6RJJ,1
6RJC,1
6RJB,1
6RIV,1
6RJ8,1
6RJ3,1
6RIT,1
6RKG,1
6RKN,1
6RK0,1
6RK4,1
6RL9,1
6RMP,1
6R18,1
6R19,1
6R30,1
6R32,1
6R2P,1
6R34,1
6R2R,1
6R33,1
6R2T,1
6QQH,1
6R2J,1
6QQC,1
6QQE,1
6QQ8,1
6R1W,1
6R3O,1
6QRR,1
6QRT,1
6QRS,1
6QRV,1
6QRU,1
6R3G,1
6R3J,1
6R3I,1
6R3L,1
6QRN,1
6R3N,1
6R3M,1
6R3F,1
6R2W,1
6QQY,1
6R2Z,1
6QSP,1
6R54,1
6R55,1
6R4W,1
6QSD,1
6QSG,1
6QRX,1
6QRW,1
6R3W,1
6QRY,1
6QTR,1
6QTQ,1
6QTS,1
6QTV,1
6R67,1
6QTU,1
6QU6,1
6R66,1
6QTW,1
6QU8,1
6R68,1
6R5J,1
6QTO,1
6R5A,1
6R4Y,1
6R4Z,1
6QUU,1
6QUW,1
6QUV,1
6R6Y,1
6QUF,1
6R6F,1
6R6I,1
6R7V,1
6QW9,1
6QW8,1
6QW3,1
6QVF,1
6QVH,1
6QWU,1
6QWW,1
6R8W,1
6QWY,1
6QWX,1
6QWZ,1
6QX0,1
6R8O,1
6R8P,1
6R8R,1
6QWE,1
6QWD,1
6QWA,1
6QWC,1
6QWB,1
6QXU,1
6R9U,1
6QXR,1
6QXQ,1
6QYF,1
6QYB,1
6RA7,1
6GB8,1
6GBY,1
6GBW,1
6GDC,1
6GD4,1
6GD6,1
6GCV,1
6GCY,1
6GEH,1
6GDX,1
6GG1,1
6GFQ,1
6GGP,1
6GGF,1
6GGC,1
6GGB,1
6GGE,1
6GGD,1
6GG7,1
6GI3,1
6GI2,1
6GHT,1
6GI4,1
6GI7,1
6GH7,1
6GIU,1
6GIT,1
6GJ5,1
6GHX,1
6GI9,1
6GI8,1
6GJJ,1
6GJL,1
6GJK,1
6GJM,1
6GJF,1
6GKS,1
6GL8,1
6GKE,1
6GJY,1
6GQC,1
6GS3,1
6H3Q,1
6GS6,1
6GRO,1
6GS0,1
6H40,1
6GRE,1
6GSZ,1
6GSC,1
6GSB,1
6H5V,1
6H5W,1
6H5D,1
6H5C,1
6H5G,1
6H5J,1
6GVD,1
6H75,1
6GV8,1
6GUX,1
6GV0,1
6H6S,1
6GV3,1
6GUG,1
6GUK,1
6GW0,1
6GW3,1
6GXB,1
6GXE,1
6GX8,1
6GWY,1
6GX0,1
6H8O,1
6H8N,1
6GX2,1
6H8G,1
6H8I,1
6H8J,1
6H9W,1
6H9Y,1
6GY5,1
6GXJ,1
6GZ8,1
6GZU,1
6GZW,1
6HAH,1
6HAD,1
6HAF,1
6HA4,1
6HA3,1
6HBB,1
6HB9,1
6HAZ,1
6HAR,1
6HAQ,1
6HAS,1
6HAV,1
6HCN,1
6HC1,1
6HCX,1
6HCW,1
6HER,1
6HEQ,1
6HFL,1
6HG0,1
6HFN,1
6HFQ,1
6HFP,1
6HFS,1
6HFR,1
6HFE,1
6HFI,1
6HFH,1
6HFK,1
6HFJ,1
6HFC,1
6HET,1
6HES,1
6HEV,1
6HEX,1
6HEW,1
6HEY,1
6HGN,1
6HGM,1
6HH2,1
6HFU,1
6HG7,1
6HHN,1
6HHM,1
6HIP,1
6HIU,1
6HJT,1
6HK9,1
6HLY,1
6HMT,1
6HMU,1
6HN3,1
6HMQ,1
6HMD,1
6HMC,1
6HMH,1
6HMG,1
6HMB,1
6I05,1
6I09,1
6I03,1
6HNI,1
6I19,1
6I0W,1
6I18,1
6I0N,1
6HOG,1
6I0J,1
6HOI,1
6I0I,1
6HOL,1
6I0L,1
6I0A,1
6I20,1
6HPQ,1
6I24,1
6I1U,1
6HPT,1
6HPF,1
6HPH,1
6I1A,1
6HPE,1
6HQX,1
6I39,1
6HR0,1
6HR3,1
6HR4,1
6HQL,1
6HQC,1
6I2F,1
6HS9,1
6I3Q,1
6I42,1
6HRP,1
6I44,1
6HRT,1
6HRI,1
6HS0,1
6I3A,1
6I3C,1
6I3B,1
6I3E,1
6I3D,1
6I4R,1
6HSQ,1
6HSJ,1
6I51,1
6HSA,1
6I4D,1
6I4E,1
6I4H,1
6I69,1
6HTO,1
6I5O,1
6I5H,1
6HUT,1
6I75,1
6HUS,1
6I6S,1
6I74,1
6L5V,1
6KV9,1
6KUM,1
6KV0,1
6KVP,1
6KXO,1
6L9C,1
6KXI,1
6LAC,1
6LC7,1
6LCX,1
6LCW,1
6LH6,1
6LK1,1
6LJE,1
6LJT,1
6LJW,1
6LJV,1
6LL8,1
6LTL,1
6M76,1
6M82,1
6M83,1
6M7M,1
6M80,1
6M8Y,1
6M8W,1
6M8M,1
6M8F,1
6M9Z,1
6M9Y,1
6M9M,1
6M9F,1
6MAA,1
6MAS,1
6MAX,1
6MAQ,1
6MAP,1
6MBT,1
6MBU,1
6MBY,1
6KFN,1
6KGI,1
6KL0,1
6KL1,1
6KKF,1
6KJW,1
6KK8,1
6KKZ,1
6KMJ,1
6KMO,1
6KP5,1
6L0V,1
6L0O,1
6L27,1
6KQS,1
6L2E,1
6L2D,1
6L2F,1
6L46,1
6MBQ,1
6MDH,1
6MD8,1
6MCR,1
6MEG,1
6MEA,1
6MEE,1
6MDU,1
6MFE,1
6MEY,1
6MGC,1
6MHI,1
6MHA,1
6MIA,1
6MJK,1
6MK3,1
6MJ7,1
6MKK,1
6MLP,1
6MM2,1
6MMC,1
6MMD,1
6N0K,1
6N0N,1
6MOA,1
6N0D,1
6MOG,1
6MQ4,1
6MPN,1
6MPM,1
6N1B,1
6N0X,1
6N2U,1
6N36,1
6MQT,1
6MR9,1
6MR1,1
6N3S,1
6MS7,1
6N3V,1
6MS9,1
6N3X,1
6MS1,1
6MRR,1
6N3D,1
6MT6,1
6MT8,1
6N4W,1
6MSX,1
6N59,1
6N4Z,1
6N4L,1
6MSQ,1
6MT3,1
6MU9,1
6MU0,1
6MTH,1
6N5J,1
6N5I,1
6MTL,1
1E6U,1
1E6S,1
1E6Q,1
1CXU,1
1CY5,1
1CXQ,1
1CZ9,1
1CZB,1
1CZP,1
1DBF,1
1DCS,1
1DF4,1
1DG6,1
1DI6,1
1DJT,1
1DJR,1
1DLF,1
1E0W,1
1E29,1
1DS1,1
1DRY,1
1E58,1
1E59,1
1E4M,1
1E5K,1
1E85,1
1E7L,1
1DWT,1
1DXD,1
1DXC,1
1DWS,1
1DWR,1
1E9W,1
1E9G,1
1DY5,1
1DZK,1
1EAJ,1
1EA7,1
1EAQ,1
1EAO,1
1EAZ,1
1EAX,1
1EB6,1
1ECD,1
1ECA,1
1ECN,1
1ECO,1
1EIE,1
1EID,1
1EIC,1
1EJG,1
1EK0,1
1EN2,1
1F0I,1
1F24,1
1F21,1
1F26,1
1F25,1
1F1G,1
1F1E,1
1ES5,1
1F41,1
1ERX,1
1ES9,1
6I6V,1
6I77,1
6I76,1
6I6W,1
6I78,1
6I6L,1
6I6K,1
6I6M,1
6I71,1
6HUR,1
6I73,1
6I6E,1
6I7Y,1
6I7X,1
6I80,1
6I9A,1
6HXD,1
6HX5,1
6HY8,1
6I9N,1
6HXP,1
6I9P,1
6HY3,1
6HXU,1
6I9T,1
6HXM,1
6HXL,1
6HYO,1
6HYI,1
6HYN,1
6HZR,1
6HZJ,1
6IAF,1
6IAL,1
6IBD,1
6IBE,1
6ICG,1
6IC1,1
6IC2,1
6IBS,1
6IBV,1
6ICS,1
6IFP,1
6IFB,1
6IH0,1
6IGG,1
6IGI,1
6IGH,1
6II1,1
6IHR,1
6IHS,1
6IPY,1
6J25,1
6IR7,1
6IQX,1
6IQZ,1
6IR2,1
6J34,1
6J2R,1
6J33,1
6J2U,1
6IQF,1
6J2K,1
6J2M,1
6J2A,1
6IQC,1
6J2B,1
6J48,1
6IRI,1
6ISM,1
6J4D,1
6J5Z,1
6J65,1
6J5S,1
6J64,1
6ITA,1
6ITG,1
6J6V,1
6IUX,1
6J6M,1
6J6L,1
6IVV,1
6IXD,1
6IX6,1
6IX2,1
6IX1,1
6J93,1
6J9O,1
6JAV,1
6JB9,1
6JAY,1
6JCI,1
6JCC,1
6JE0,1
6JD8,1
6IIP,1
6IJ3,1
6IHX,1
6IIY,1
6IJY,1
6ILX,1
6ILI,1
6IMT,1
6IMD,1
6IMI,1
6INX,1
6J03,1
6J14,1
1GVZ,1
1GVX,1
1GVF,1
1GVE,1
1GVD,1
1GVO,1
1GVK,1
1H97,1
1GWU,1
1GX4,1
1GWE,1
1H8D,1
1H91,1
1GWM,1
1GXU,1
1GXT,1
1GXM,1
1GYY,1
1GYX,1
1GZ8,1
1GYO,1
1GZT,1
1HAZ,1
1HB2,1
1HB3,1
1HBN,1
1HDH,1
1HE4,1
1HE3,1
1HE2,1
1HDO,1
1HEU,1
1HF6,1
1HET,1
1HF4,1
1HG7,1
1HHF,1
1HHC,1
1HH7,1
1HH3,1
1HHU,1
1HHZ,1
1HHY,1
1HJE,1
1HK0,1
1HJ9,1
1HJ8,1
1HJ5,1
1HLQ,1
1HMT,1
1HMS,1
1HMR,1
1HNJ,1
1I0H,1
1I0V,1
1I12,1
1I0D,1
1I0B,1
1I1J,1
1I1X,1
1I1W,1
1I27,1
1I24,1
1HQ2,1
1HQJ,1
1I2T,1
1I40,1
1I3H,1
1I4U,1
1I4F,1
1HTY,1
1I5G,1
1I5F,1
1I76,1
1I6T,1
1I73,1
1I71,1
1I88,1
1HVB,1
1I8V,1
1HX0,1
1I8O,1
1HXH,1
1HZ4,1
1HZB,1
1HYO,1
1HZY,1
1HZT,1
1HZC,1
5LYR,1
5LZN,1
5LZH,1
5LZG,1
5LZJ,1
5MAE,1
5MA4,1
5MA7,1
5MAZ,1
5MB3,1
5MB5,1
5MAS,1
5MB7,1
5MAU,1
5MB6,1
5MAJ,1
5MAP,1
5MAO,1
5MB0,1
5MC8,1
5MBX,1
5MBQ,1
5MC1,1
5MDJ,1
5MEH,1
5MEL,1
5MDU,1
5MDL,1
5MFI,1
5MFA,1
5MEW,1
5MFO,1
5MFR,1
5MHI,1
5MHC,1
5MGW,1
5MH1,1
5MH0,1
5MH2,1
5MH5,1
5MH6,1
5MIJ,1
5MIB,1
5MIA,1
5MID,1
5MIC,1
5MIE,1
5MIG,1
5MHY,1
5MHX,1
5MHZ,1
5MHQ,1
5MI2,1
5MI1,1
5MHU,1
5MHW,1
5MHV,1
5MJN,1
5MJH,1
5MIW,1
5ML3,1
5MKA,1
5MJR,1
5MK6,1
5MJT,1
5MK9,1
5MLR,1
5MN1,1
5MME,1
5MMG,1
5MM6,1
5MNO,1
5MNN,1
5MNQ,1
5MNP,1
5MNR,1
5MNG,1
5MNF,1
5MNH,1
5MNK,1
5MNM,1
5MNL,1
5MNA,1
5MNC,1
5MNB,1
5MNE,1
5MOO,1
5N0O,1
5N13,1
5MOQ,1
5N12,1
5MOS,1
5MOH,1
5N0I,1
5MOF,1
5N1P,1
5N1S,1
5N1R,1
5N25,1
5MPW,1
5MPV,1
5N1H,1
5N1M,1
5N1L,1
5N20,1
5MPN,1
5N1N,1
5N1G,1
5N1F,1
5MOX,1
5N18,1
5MOZ,1
5N33,1
5N2T,1
5N34,1
5N2X,1
5N39,1
5MR1,1
5N31,1
5MQG,1
5N1Y,1
5MPZ,1
5N3S,1
5MRR,1
5N3R,1
5N3T,1
5N3V,1
5N3Y,1
5N3K,1
5N3J,1
5N3M,1
5N3L,1
5N3O,1
5N3N,1
5N3Q,1
5N41,1
5MRD,1
5N3G,1
5N3I,1
5N3H,1
5N2Z,1
5MQY,1
5N3A,1
5N4T,1
5N4S,1
5MSZ,1
5N4K,1
5MSO,1
5MT0,1
5N53,1
5LWS,1
5LWR,1
5LWU,1
5LX6,1
5LWT,1
5M97,1
5LWH,1
5LWO,1
5LWD,1
5LXZ,1
5M9R,1
5M9Q,1
5LXX,1
5LXW,1
5LY8,1
5M9W,1
5LXI,1
5M9O,1
5LXE,1
5MT2,1
5MSB,1
5N4B,1
5MSA,1
5MTU,1
5MTT,1
5N5W,1
5MU9,1
5MTE,1
5N5G,1
5N5H,1
5N6Y,1
5N6F,1
5MUJ,1
5MUL,1
5MUK,1
5MUA,1
5MVV,1
5N7X,1
5N89,1
5N7Q,1
5N7U,1
5N86,1
5MWX,1
5MX9,1
5N8W,1